source_url,outcome,reason,timestamp
https://www.energiemines.gov.tn/fileadmin/docs-u1/%D9%85%D8%A4%D8%B4%D8%B1%D8%A7%D8%AA_%D9%82%D8%B7%D8%A7%D8%B9_%D8%A7%D9%84%D8%B7%D8%A7%D9%82%D8%A9_2024.pdf,downloaded,"sha256 0d569d7b43d4100c, 3686276 bytes -> archive/Memento/2024/v1/مؤشرات_قطاع_الطاقة_2024.pdf",2026-06-25T19:48:08Z
https://www.energiemines.gov.tn/fileadmin/docs-u1/%D9%88%D8%B6%D8%B9_%D9%82%D8%B7%D8%A7%D8%B9_%D8%A7%D9%84%D8%B7%D8%A7%D9%82%D8%A9_%D8%A5%D9%84%D9%89_%D9%85%D9%88%D9%81%D9%89_%D8%A3%D9%81%D8%B1%D9%8A%D9%84_2025.pdf,downloaded,"sha256 a9023cec37ffa14f, 1129069 bytes -> archive/Conjoncture/2025-04/v1/وضع_قطاع_الطاقة_إلى_موفى_أفريل_2025.pdf",2026-06-25T19:48:10Z
https://www.energiemines.gov.tn/fileadmin/docs-u1/%D9%88%D8%B6%D8%B9_%D9%82%D8%B7%D8%A7%D8%B9_%D8%A7%D9%84%D8%B7%D8%A7%D9%82%D8%A9_%D8%A5%D9%84%D9%89_%D9%85%D9%88%D9%81%D9%89_%D8%A3%D9%83%D8%AA%D9%88%D8%A8%D8%B1_2025.pdf,downloaded,"sha256 c2611a184d1fad85, 1066442 bytes -> archive/Conjoncture/2025-10/v1/وضع_قطاع_الطاقة_إلى_موفى_أكتوبر_2025.pdf",2026-06-25T19:48:11Z
https://www.energiemines.gov.tn/fileadmin/docs-u1/%D9%88%D8%B6%D8%B9_%D9%82%D8%B7%D8%A7%D8%B9_%D8%A7%D9%84%D8%B7%D8%A7%D9%82%D8%A9_%D8%A5%D9%84%D9%89_%D9%85%D9%88%D9%81%D9%89_%D8%A3%D9%88%D8%AA_2025.pdf,downloaded,"sha256 cd37b5fe126a601b, 1105543 bytes -> archive/Conjoncture/2025-08/v1/وضع_قطاع_الطاقة_إلى_موفى_أوت_2025.pdf",2026-06-25T19:48:13Z
https://www.energiemines.gov.tn/fileadmin/docs-u1/%D9%88%D8%B6%D8%B9_%D9%82%D8%B7%D8%A7%D8%B9_%D8%A7%D9%84%D8%B7%D8%A7%D9%82%D8%A9_%D8%A5%D9%84%D9%89_%D9%85%D9%88%D9%81%D9%89_%D8%AC%D9%88%D8%A7%D9%86_2025.pdf,downloaded,"sha256 8c523b335caca1e9, 1132010 bytes -> archive/Conjoncture/2025-06/v1/وضع_قطاع_الطاقة_إلى_موفى_جوان_2025.pdf",2026-06-25T19:48:14Z
https://www.energiemines.gov.tn/fileadmin/docs-u1/%D9%88%D8%B6%D8%B9_%D9%82%D8%B7%D8%A7%D8%B9_%D8%A7%D9%84%D8%B7%D8%A7%D9%82%D8%A9_%D8%A5%D9%84%D9%89_%D9%85%D9%88%D9%81%D9%89_%D8%AC%D9%88%D9%8A%D9%84%D9%8A%D8%A9_2025.pdf,downloaded,"sha256 0764966ffa306b80, 3059727 bytes -> archive/Conjoncture/2025-07/v1/وضع_قطاع_الطاقة_إلى_موفى_جويلية_2025.pdf",2026-06-25T19:48:16Z
https://www.energiemines.gov.tn/fileadmin/docs-u1/%D9%88%D8%B6%D8%B9_%D9%82%D8%B7%D8%A7%D8%B9_%D8%A7%D9%84%D8%B7%D8%A7%D9%82%D8%A9_%D8%A5%D9%84%D9%89_%D9%85%D9%88%D9%81%D9%89_%D8%AF%D9%8A%D8%B3%D9%85%D8%A8%D8%B1_2025.pdf,downloaded,"sha256 586ca995848c1371, 1178514 bytes -> archive/Conjoncture/2025-12/v1/وضع_قطاع_الطاقة_إلى_موفى_ديسمبر_2025.pdf",2026-06-25T19:48:17Z
https://www.energiemines.gov.tn/fileadmin/docs-u1/%D9%88%D8%B6%D8%B9_%D9%82%D8%B7%D8%A7%D8%B9_%D8%A7%D9%84%D8%B7%D8%A7%D9%82%D8%A9_%D8%A5%D9%84%D9%89_%D9%85%D9%88%D9%81%D9%89_%D9%81%D9%8A%D9%81%D8%B1%D9%8A_2025.pdf,downloaded,"sha256 fcd092915f569b79, 2857801 bytes -> archive/Conjoncture/2025-02/v1/وضع_قطاع_الطاقة_إلى_موفى_فيفري_2025.pdf",2026-06-25T19:48:19Z
https://www.energiemines.gov.tn/fileadmin/docs-u1/%D9%88%D8%B6%D8%B9_%D9%82%D8%B7%D8%A7%D8%B9_%D8%A7%D9%84%D8%B7%D8%A7%D9%82%D8%A9_%D8%A5%D9%84%D9%89_%D9%85%D9%88%D9%81%D9%89_%D9%85%D8%A7%D8%B1%D8%B3_2025.pdf,downloaded,"sha256 833f998732739d1a, 1025044 bytes -> archive/Conjoncture/2025-03/v1/وضع_قطاع_الطاقة_إلى_موفى_مارس_2025.pdf",2026-06-25T19:48:22Z
https://www.energiemines.gov.tn/fileadmin/docs-u1/%D9%88%D8%B6%D8%B9_%D9%82%D8%B7%D8%A7%D8%B9_%D8%A7%D9%84%D8%B7%D8%A7%D9%82%D8%A9_%D8%A5%D9%84%D9%89_%D9%85%D9%88%D9%81%D9%89_%D9%85%D8%A7%D9%8A_2025.pdf,downloaded,"sha256 08c1e3581f70212d, 1124738 bytes -> archive/Conjoncture/2025-05/v1/وضع_قطاع_الطاقة_إلى_موفى_ماي_2025.pdf",2026-06-25T19:48:23Z
https://www.energiemines.gov.tn/fileadmin/docs-u1/%D9%88%D8%B6%D8%B9_%D9%82%D8%B7%D8%A7%D8%B9_%D8%A7%D9%84%D8%B7%D8%A7%D9%82%D8%A9_%D8%A5%D9%84%D9%89_%D9%85%D9%88%D9%81%D9%89_%D9%86%D9%88%D9%81%D9%85%D8%A8%D8%B1_2025.pdf,downloaded,"sha256 20ec620a420b1136, 3036717 bytes -> archive/Conjoncture/2025-11/v1/وضع_قطاع_الطاقة_إلى_موفى_نوفمبر_2025.pdf",2026-06-25T19:48:25Z
https://www.energiemines.gov.tn/fileadmin/docs-u1/%D9%88%D8%B6%D8%B9_%D9%82%D8%B7%D8%A7%D8%B9_%D8%A7%D9%84%D8%B7%D8%A7%D9%82%D8%A9_%D8%A5%D9%84%D9%89_%D9%85%D9%88%D9%81%D9%89_%D9%89%D8%B3%D8%A8%D8%AA%D9%85%D8%A8%D8%B1__2025.pdf,downloaded,"sha256 fa5ee883e2b76b09, 3051622 bytes -> archive/Conjoncture/2025-09/v1/وضع_قطاع_الطاقة_إلى_موفى_ىسبتمبر__2025.pdf",2026-06-25T19:48:27Z
https://www.energiemines.gov.tn/fileadmin/docs-u1/%D9%88%D8%B6%D8%B9_%D9%82%D8%B7%D8%A7%D8%B9_%D8%A7%D9%84%D8%B7%D8%A7%D9%82%D8%A9_%D8%A7%D9%84%D9%89_%D9%85%D9%88%D9%81%D9%89_%D8%A3%D9%83%D8%AA%D9%88%D8%A8%D8%B1_2023.pdf,downloaded,"sha256 0da31864eed55120, 3093093 bytes -> archive/Conjoncture/2023-10/v1/وضع_قطاع_الطاقة_الى_موفى_أكتوبر_2023.pdf",2026-06-25T19:48:29Z
https://www.energiemines.gov.tn/fileadmin/docs-u1/%D9%88%D8%B6%D8%B9_%D9%82%D8%B7%D8%A7%D8%B9_%D8%A7%D9%84%D8%B7%D8%A7%D9%82%D8%A9_%D8%A7%D9%84%D9%89_%D9%85%D9%88%D9%81%D9%89_%D8%A3%D9%88%D8%AA_2023.pdf,downloaded,"sha256 128d47a12cc83ebd, 3100788 bytes -> archive/Conjoncture/2023-08/v1/وضع_قطاع_الطاقة_الى_موفى_أوت_2023.pdf",2026-06-25T19:48:30Z
https://www.energiemines.gov.tn/fileadmin/docs-u1/%D9%88%D8%B6%D8%B9_%D9%82%D8%B7%D8%A7%D8%B9_%D8%A7%D9%84%D8%B7%D8%A7%D9%82%D8%A9_%D8%A7%D9%84%D9%89_%D9%85%D9%88%D9%81%D9%89_%D8%AC%D9%88%D9%8A%D9%84%D9%8A%D8%A9_2023.pdf,downloaded,"sha256 232654359fb04dbb, 2912736 bytes -> archive/Conjoncture/2023-07/v1/وضع_قطاع_الطاقة_الى_موفى_جويلية_2023.pdf",2026-06-25T19:48:32Z
https://www.energiemines.gov.tn/fileadmin/docs-u1/%D9%88%D8%B6%D8%B9_%D9%82%D8%B7%D8%A7%D8%B9_%D8%A7%D9%84%D8%B7%D8%A7%D9%82%D8%A9_%D8%A7%D9%84%D9%89_%D9%85%D9%88%D9%81%D9%89_%D8%B3%D8%A8%D8%AA%D9%85%D8%A8%D8%B1_2023.pdf,downloaded,"sha256 73a8a21accd50e55, 2897461 bytes -> archive/Conjoncture/2023-09/v1/وضع_قطاع_الطاقة_الى_موفى_سبتمبر_2023.pdf",2026-06-25T19:48:34Z
https://www.energiemines.gov.tn/fileadmin/docs-u1/%D9%88%D8%B6%D8%B9_%D9%82%D8%B7%D8%A7%D8%B9_%D8%A7%D9%84%D8%B7%D8%A7%D9%82%D8%A9_%D8%A7%D9%84%D9%89_%D9%85%D9%88%D9%81%D9%89_%D9%86%D9%88%D9%81%D9%85%D8%A8%D8%B1_2023.pdf,downloaded,"sha256 5a831672ca093cc6, 3127860 bytes -> archive/Conjoncture/2023-11/v1/وضع_قطاع_الطاقة_الى_موفى_نوفمبر_2023.pdf",2026-06-25T19:48:35Z
https://www.energiemines.gov.tn/fileadmin/docs-u1/%D9%88%D8%B6%D8%B9_%D9%82%D8%B7%D8%A7%D8%B9_%D8%A7%D9%84%D8%B7%D8%A7%D9%82%D8%A9_%D8%AE%D9%84%D8%A7%D9%84_%D8%A3%D9%81%D8%B1%D9%8A%D9%84_2024.pdf,downloaded,"sha256 fbb6f1024ddffe90, 3055574 bytes -> archive/Conjoncture/2024-04/v1/وضع_قطاع_الطاقة_خلال_أفريل_2024.pdf",2026-06-25T19:48:37Z
https://www.energiemines.gov.tn/fileadmin/docs-u1/%D9%88%D8%B6%D8%B9_%D9%82%D8%B7%D8%A7%D8%B9_%D8%A7%D9%84%D8%B7%D8%A7%D9%82%D8%A9_%D8%AE%D9%84%D8%A7%D9%84_%D8%AC%D8%A7%D9%86%D9%81%D9%8A__2024.pdf,downloaded,"sha256 e4ee2c3fddb4c0dc, 3026663 bytes -> archive/Conjoncture/2024-01/v1/وضع_قطاع_الطاقة_خلال_جانفي__2024.pdf",2026-06-25T19:48:39Z
https://www.energiemines.gov.tn/fileadmin/docs-u1/%D9%88%D8%B6%D8%B9_%D9%82%D8%B7%D8%A7%D8%B9_%D8%A7%D9%84%D8%B7%D8%A7%D9%82%D8%A9_%D8%AE%D9%84%D8%A7%D9%84_%D8%AC%D9%88%D8%A7%D9%86_2024.pdf,downloaded,"sha256 efa805b1e258b2e4, 2951693 bytes -> archive/Conjoncture/2024-06/v1/وضع_قطاع_الطاقة_خلال_جوان_2024.pdf",2026-06-25T19:48:41Z
https://www.energiemines.gov.tn/fileadmin/docs-u1/%D9%88%D8%B6%D8%B9_%D9%82%D8%B7%D8%A7%D8%B9_%D8%A7%D9%84%D8%B7%D8%A7%D9%82%D8%A9_%D8%AE%D9%84%D8%A7%D9%84_%D8%B3%D9%86%D8%A9_2023_%D9%85%D8%AD%D9%8A%D9%86%D8%A9.pdf,downloaded,"sha256 c5cc21c0c6f31d61, 3133916 bytes -> archive/Conjoncture/2023-12/_____/وضع_قطاع_الطاقة_خلال_سنة_2023_محينة.pdf",2026-06-25T19:48:42Z
https://www.energiemines.gov.tn/fileadmin/docs-u1/%D9%88%D8%B6%D8%B9_%D9%82%D8%B7%D8%A7%D8%B9_%D8%A7%D9%84%D8%B7%D8%A7%D9%82%D8%A9_%D8%AE%D9%84%D8%A7%D9%84_%D9%85%D8%A7%D8%B1%D8%B3_2024.pdf,downloaded,"sha256 eba241ace8b79e8c, 3125044 bytes -> archive/Conjoncture/2024-03/v1/وضع_قطاع_الطاقة_خلال_مارس_2024.pdf",2026-06-25T19:48:44Z
https://www.energiemines.gov.tn/fileadmin/docs-u1/%D9%88%D8%B6%D8%B9_%D9%82%D8%B7%D8%A7%D8%B9_%D8%A7%D9%84%D8%B7%D8%A7%D9%82%D8%A9_%D8%AE%D9%84%D8%A7%D9%84_%D9%85%D8%A7%D9%8A_2024.pdf,downloaded,"sha256 2c801f18b832e711, 3093100 bytes -> archive/Conjoncture/2024-05/v1/وضع_قطاع_الطاقة_خلال_ماي_2024.pdf",2026-06-25T19:48:46Z
https://www.energiemines.gov.tn/fileadmin/docs-u1/%D9%88%D8%B6%D8%B9_%D9%82%D8%B7%D8%A7%D8%B9_%D8%A7%D9%84%D8%B7%D8%A7%D9%82%D8%A9_%D8%AE%D9%84%D8%A7%D9%84__%D8%A3%D9%81%D8%B1%D9%8A%D9%84_2026.pdf,downloaded,"sha256 fef1b69613740308, 1162491 bytes -> archive/Conjoncture/2026-04/v1/وضع_قطاع_الطاقة_خلال__أفريل_2026.pdf",2026-06-25T19:48:48Z
https://www.energiemines.gov.tn/fileadmin/docs-u1/%D9%88%D8%B6%D8%B9_%D9%82%D8%B7%D8%A7%D8%B9_%D8%A7%D9%84%D8%B7%D8%A7%D9%82%D8%A9_%D8%AE%D9%84%D8%A7%D9%84__%D8%A3%D9%83%D8%AA%D9%88%D8%A8%D8%B1_2024.pdf,downloaded,"sha256 ed03ba58a86470b4, 2850344 bytes -> archive/Conjoncture/2024-10/v1/وضع_قطاع_الطاقة_خلال__أكتوبر_2024.pdf",2026-06-25T19:48:49Z
https://www.energiemines.gov.tn/fileadmin/docs-u1/%D9%88%D8%B6%D8%B9_%D9%82%D8%B7%D8%A7%D8%B9_%D8%A7%D9%84%D8%B7%D8%A7%D9%82%D8%A9_%D8%AE%D9%84%D8%A7%D9%84__%D8%A3%D9%88%D8%AA_2024.pdf,downloaded,"sha256 2f87b0ef4f6c774e, 3091432 bytes -> archive/Conjoncture/2024-08/v1/وضع_قطاع_الطاقة_خلال__أوت_2024.pdf",2026-06-25T19:48:51Z
https://www.energiemines.gov.tn/fileadmin/docs-u1/%D9%88%D8%B6%D8%B9_%D9%82%D8%B7%D8%A7%D8%B9_%D8%A7%D9%84%D8%B7%D8%A7%D9%82%D8%A9_%D8%AE%D9%84%D8%A7%D9%84__%D8%AC%D8%A7%D9%86%D9%81%D9%8A__2025.pdf,downloaded,"sha256 3f37b39d5cf23cfa, 3016718 bytes -> archive/Conjoncture/2025-01/v1/وضع_قطاع_الطاقة_خلال__جانفي__2025.pdf",2026-06-25T19:48:53Z
https://www.energiemines.gov.tn/fileadmin/docs-u1/%D9%88%D8%B6%D8%B9_%D9%82%D8%B7%D8%A7%D8%B9_%D8%A7%D9%84%D8%B7%D8%A7%D9%82%D8%A9_%D8%AE%D9%84%D8%A7%D9%84__%D8%AC%D8%A7%D9%86%D9%81%D9%8A__2026.pdf,downloaded,"sha256 efd9b5f8077420cc, 3065024 bytes -> archive/Conjoncture/2026-01/v1/وضع_قطاع_الطاقة_خلال__جانفي__2026.pdf",2026-06-25T19:48:55Z
https://www.energiemines.gov.tn/fileadmin/docs-u1/%D9%88%D8%B6%D8%B9_%D9%82%D8%B7%D8%A7%D8%B9_%D8%A7%D9%84%D8%B7%D8%A7%D9%82%D8%A9_%D8%AE%D9%84%D8%A7%D9%84__%D8%AC%D9%88%D9%8A%D9%84%D9%8A%D8%A9_2024.pdf,downloaded,"sha256 9a32fcbe344abcf7, 2990599 bytes -> archive/Conjoncture/2024-07/v1/وضع_قطاع_الطاقة_خلال__جويلية_2024.pdf",2026-06-25T19:48:56Z
https://www.energiemines.gov.tn/fileadmin/docs-u1/%D9%88%D8%B6%D8%B9_%D9%82%D8%B7%D8%A7%D8%B9_%D8%A7%D9%84%D8%B7%D8%A7%D9%82%D8%A9_%D8%AE%D9%84%D8%A7%D9%84__%D8%B3%D8%A8%D8%AA%D9%85%D8%A8%D8%B1_2024.pdf,downloaded,"sha256 3535b95390dce2e0, 3007803 bytes -> archive/Conjoncture/2024-09/v1/وضع_قطاع_الطاقة_خلال__سبتمبر_2024.pdf",2026-06-25T19:48:58Z
https://www.energiemines.gov.tn/fileadmin/docs-u1/%D9%88%D8%B6%D8%B9_%D9%82%D8%B7%D8%A7%D8%B9_%D8%A7%D9%84%D8%B7%D8%A7%D9%82%D8%A9_%D8%AE%D9%84%D8%A7%D9%84__%D8%B3%D9%86%D8%A9_2024.pdf,downloaded,"sha256 8677efba4b3b2539, 3039638 bytes -> archive/Conjoncture/2024-12/v1/وضع_قطاع_الطاقة_خلال__سنة_2024.pdf",2026-06-25T19:49:00Z
https://www.energiemines.gov.tn/fileadmin/docs-u1/%D9%88%D8%B6%D8%B9_%D9%82%D8%B7%D8%A7%D8%B9_%D8%A7%D9%84%D8%B7%D8%A7%D9%82%D8%A9_%D8%AE%D9%84%D8%A7%D9%84__%D9%81%D9%8A%D9%81%D8%B1%D9%8A_2026.pdf,downloaded,"sha256 61d0d464fcc6c8bd, 3198546 bytes -> archive/Conjoncture/2026-02/v1/وضع_قطاع_الطاقة_خلال__فيفري_2026.pdf",2026-06-25T19:49:02Z
https://www.energiemines.gov.tn/fileadmin/docs-u1/%D9%88%D8%B6%D8%B9_%D9%82%D8%B7%D8%A7%D8%B9_%D8%A7%D9%84%D8%B7%D8%A7%D9%82%D8%A9_%D8%AE%D9%84%D8%A7%D9%84__%D9%85%D8%A7%D8%B1%D8%B3_2026.pdf,downloaded,"sha256 7b9fe4a07d637124, 1188408 bytes -> archive/Conjoncture/2026-03/v1/وضع_قطاع_الطاقة_خلال__مارس_2026.pdf",2026-06-25T19:49:04Z
https://www.energiemines.gov.tn/fileadmin/docs-u1/%D9%88%D8%B6%D8%B9_%D9%82%D8%B7%D8%A7%D8%B9_%D8%A7%D9%84%D8%B7%D8%A7%D9%82%D8%A9_%D8%AE%D9%84%D8%A7%D9%84__%D9%86%D9%88%D9%81%D9%85%D8%A8%D8%B1_2024.pdf,downloaded,"sha256 3125cd5bb0b0bb79, 2856407 bytes -> archive/Conjoncture/2024-11/v1/وضع_قطاع_الطاقة_خلال__نوفمبر_2024.pdf",2026-06-25T19:49:05Z
https://www.energiemines.gov.tn/fileadmin/docs-u1/Bilan_National_de_2010.pdf,downloaded,"sha256 9d36508ce87eee66, 270478 bytes -> archive/Bilan/2010/v1/Bilan_National_de_2010.pdf",2026-06-25T19:49:07Z
https://www.energiemines.gov.tn/fileadmin/docs-u1/Bilan_National_de_2011.pdf,downloaded,"sha256 696f57c0b02b4e54, 272490 bytes -> archive/Bilan/2011/v1/Bilan_National_de_2011.pdf",2026-06-25T19:49:08Z
https://www.energiemines.gov.tn/fileadmin/docs-u1/Bilan_National_de_2012.pdf,downloaded,"sha256 ca713bc3af065241, 271395 bytes -> archive/Bilan/2012/v1/Bilan_National_de_2012.pdf",2026-06-25T19:49:10Z
https://www.energiemines.gov.tn/fileadmin/docs-u1/Bilan_National_de_2013.pdf,downloaded,"sha256 14102f464274f0f0, 272900 bytes -> archive/Bilan/2013/v1/Bilan_National_de_2013.pdf",2026-06-25T19:49:11Z
https://www.energiemines.gov.tn/fileadmin/docs-u1/Bilan_National_de_l_Energie_2015.pdf,downloaded,"sha256 ff8db52190900a02, 1128931 bytes -> archive/Bilan/2015/v1/Bilan_National_de_l_Energie_2015.pdf",2026-06-25T19:49:12Z
https://www.energiemines.gov.tn/fileadmin/docs-u1/Bilan_National_de_l_Energie_2016.pdf,downloaded,"sha256 07c0add9c1dc0353, 1118798 bytes -> archive/Bilan/2016/v1/Bilan_National_de_l_Energie_2016.pdf",2026-06-25T19:49:14Z
https://www.energiemines.gov.tn/fileadmin/docs-u1/Bilan_National_de_l_Energie_2017.pdf,downloaded,"sha256 38304143fa37b518, 1198390 bytes -> archive/Bilan/2017/v1/Bilan_National_de_l_Energie_2017.pdf",2026-06-25T19:49:15Z
https://www.energiemines.gov.tn/fileadmin/docs-u1/Bilan_National_de_l_Energie_2018.pdf,downloaded,"sha256 f87aaa7432a49bb7, 1108925 bytes -> archive/Bilan/2018/v1/Bilan_National_de_l_Energie_2018.pdf",2026-06-25T19:49:17Z
https://www.energiemines.gov.tn/fileadmin/docs-u1/Bilan_National_de_l_Energie_2019.pdf,downloaded,"sha256 8be025a9e26868d2, 1212667 bytes -> archive/Bilan/2019/v1/Bilan_National_de_l_Energie_2019.pdf",2026-06-25T19:49:18Z
https://www.energiemines.gov.tn/fileadmin/docs-u1/Bilan_National_de_l_Energie_2020___V_10-203_.pdf,downloaded,"sha256 dec7064507c084bb, 1201215 bytes -> archive/Bilan/2020/V_10-203/Bilan_National_de_l_Energie_2020___V_10-203_.pdf",2026-06-25T19:49:20Z
https://www.energiemines.gov.tn/fileadmin/docs-u1/Bilan_National_de_l_Energie_2021___V_10-2023_.pdf,downloaded,"sha256 9a6123813ce7b074, 343957 bytes -> archive/Bilan/2021/V_10-2023/Bilan_National_de_l_Energie_2021___V_10-2023_.pdf",2026-06-25T19:49:21Z
https://www.energiemines.gov.tn/fileadmin/docs-u1/Bilan_National_de_l_Energie_2022.pdf,downloaded,"sha256 8d408eb7e771e6bc, 1485218 bytes -> archive/Bilan/2022/v1/Bilan_National_de_l_Energie_2022.pdf",2026-06-25T19:49:22Z
https://www.energiemines.gov.tn/fileadmin/docs-u1/Bilan_National_de_l_Energie_2023.pdf,downloaded,"sha256 99ec16bb8ba2ae57, 1445368 bytes -> archive/Bilan/2023/v1/Bilan_National_de_l_Energie_2023.pdf",2026-06-25T19:49:24Z
https://www.energiemines.gov.tn/fileadmin/docs-u1/Bilan_National_de_l_Energie_2024.pdf,downloaded,"sha256 b3336f6f6cb425b6, 794931 bytes -> archive/Bilan/2024/v1/Bilan_National_de_l_Energie_2024.pdf",2026-06-25T19:49:25Z
https://www.energiemines.gov.tn/fileadmin/docs-u1/Bilan_national_de_l_%C3%A9nergie_ann%C3%A9e_2014.pdf,downloaded,"sha256 49b54bd3452521ff, 652268 bytes -> archive/Bilan/2014/v1/Bilan_national_de_l_énergie_année_2014.pdf",2026-06-25T19:49:27Z
https://www.energiemines.gov.tn/fileadmin/docs-u1/Bulletin_juin_2020_Covid_19-Energie_Ar.pdf,downloaded,"sha256 b8312f7c34f1e67f, 179751 bytes -> archive/Bulletin-COVID/2020-06/v1/Bulletin_juin_2020_Covid_19-Energie_Ar.pdf",2026-06-25T19:49:28Z
https://www.energiemines.gov.tn/fileadmin/docs-u1/Bulletin_juin_2020_covid_19-_Energie_Fr.pdf,downloaded,"sha256 bdf0c43f62915cb8, 133905 bytes -> archive/Bulletin-COVID/2020-06/v1/Bulletin_juin_2020_covid_19-_Energie_Fr.pdf",2026-06-25T19:49:29Z
https://www.energiemines.gov.tn/fileadmin/docs-u1/Bulletin_mai_2020_covid_19-_Energie__Ar_.pdf,downloaded,"sha256 de77fe2a6ac29e5d, 218541 bytes -> archive/Bulletin-COVID/2020-05/v1/Bulletin_mai_2020_covid_19-_Energie__Ar_.pdf",2026-06-25T19:49:31Z
https://www.energiemines.gov.tn/fileadmin/docs-u1/Bulletin_mai_2020_covid_19-_Energie__fr_.pdf,downloaded,"sha256 fe8b0b461cb3214b, 140753 bytes -> archive/Bulletin-COVID/2020-05/v1/Bulletin_mai_2020_covid_19-_Energie__fr_.pdf",2026-06-25T19:49:32Z
https://www.energiemines.gov.tn/fileadmin/docs-u1/Chiffres_cl%C3%A9s_%C3%A9nergie2020.Ar.pdf,downloaded,"sha256 40a0053d69d2e0ec, 1888710 bytes -> archive/Memento/2020/v1/Chiffres_clés_énergie2020.Ar.pdf",2026-06-25T19:49:34Z
https://www.energiemines.gov.tn/fileadmin/docs-u1/Chiffres_cl%C3%A9s_%C3%A9nergie2020.Fr.pdf,downloaded,"sha256 b5f998f00dd2d0a1, 2188980 bytes -> archive/Memento/2020/v1/Chiffres_clés_énergie2020.Fr.pdf",2026-06-25T19:49:35Z
https://www.energiemines.gov.tn/fileadmin/docs-u1/Chiffres_cl%C3%A9s_%C3%A9nergie2021.Ar.pdf,downloaded,"sha256 9422b12a3a168164, 1904454 bytes -> archive/Memento/2021/v1/Chiffres_clés_énergie2021.Ar.pdf",2026-06-25T19:49:37Z
https://www.energiemines.gov.tn/fileadmin/docs-u1/Chiffres_cl%C3%A9s_%C3%A9nergie2021.Fr.pdf,downloaded,"sha256 dd47cdb21cd71b24, 2133156 bytes -> archive/Memento/2021/v1/Chiffres_clés_énergie2021.Fr.pdf",2026-06-25T19:49:39Z
https://www.energiemines.gov.tn/fileadmin/docs-u1/Chiffres_cl%C3%A9s_%C3%A9nergie2022.Ar.pdf,downloaded,"sha256 911f702c2c08200a, 3665929 bytes -> archive/Memento/2022/v1/Chiffres_clés_énergie2022.Ar.pdf",2026-06-25T19:49:40Z
https://www.energiemines.gov.tn/fileadmin/docs-u1/Chiffres_cl%C3%A9s_%C3%A9nergie2022.Fr.pdf,downloaded,"sha256 f36054d812ed9319, 3552520 bytes -> archive/Memento/2022/v1/Chiffres_clés_énergie2022.Fr.pdf",2026-06-25T19:49:42Z
https://www.energiemines.gov.tn/fileadmin/docs-u1/Chiffres_cl%C3%A9s_%C3%A9nergie2023.Ar.pdf,downloaded,"sha256 18a1286166bee64d, 3889881 bytes -> archive/Memento/2023/v1/Chiffres_clés_énergie2023.Ar.pdf",2026-06-25T19:49:44Z
https://www.energiemines.gov.tn/fileadmin/docs-u1/Chiffres_cl%C3%A9s_%C3%A9nergie2023.Fr.pdf,downloaded,"sha256 8460c31a99fc4106, 3564911 bytes -> archive/Memento/2023/v1/Chiffres_clés_énergie2023.Fr.pdf",2026-06-25T19:49:46Z
https://www.energiemines.gov.tn/fileadmin/docs-u1/Chiffres_cl%C3%A9s_%C3%A9nergie_2019__Ar_.pdf,downloaded,"sha256 b2ebaeb4c7ae5116, 2027052 bytes -> archive/Memento/2019/v1/Chiffres_clés_énergie_2019__Ar_.pdf",2026-06-25T19:49:48Z
https://www.energiemines.gov.tn/fileadmin/docs-u1/Chiffres_cl%C3%A9s_%C3%A9nergie_2024.pdf,downloaded,"sha256 76a0a8de628bc209, 3738449 bytes -> archive/Memento/2024/v1/Chiffres_clés_énergie_2024.pdf",2026-06-25T19:49:50Z
https://www.energiemines.gov.tn/fileadmin/docs-u1/Chiffres_cl%C3%A9s_2014.pdf,downloaded,"sha256 99559b310ddf1ea2, 4197966 bytes -> archive/Memento/2014/v1/Chiffres_clés_2014.pdf",2026-06-25T19:49:52Z
https://www.energiemines.gov.tn/fileadmin/docs-u1/Chiffres_cles_energie_2018._Ar.pdf,downloaded,"sha256 4d5549e3c92951c6, 2000138 bytes -> archive/Memento/2018/v1/Chiffres_cles_energie_2018._Ar.pdf",2026-06-25T19:49:54Z
https://www.energiemines.gov.tn/fileadmin/docs-u1/Conjoncture_%C3%A9nerg%C3%A9tique_%C3%A0_fin__juillet_2025.pdf,downloaded,"sha256 20acf2aa0e11005a, 4948600 bytes -> archive/Conjoncture/2025-07/v1/Conjoncture_énergétique_à_fin__juillet_2025.pdf",2026-06-25T19:49:56Z
https://www.energiemines.gov.tn/fileadmin/docs-u1/Conjoncture_%C3%A9nerg%C3%A9tique_%C3%A0_fin_d%C3%A9cembre_2024.pdf,downloaded,"sha256 199550575545ee67, 3066565 bytes -> archive/Conjoncture/2024-12/v1/Conjoncture_énergétique_à_fin_décembre_2024.pdf",2026-06-25T19:49:58Z
https://www.energiemines.gov.tn/fileadmin/docs-u1/Conjoncture_%C3%A9nerg%C3%A9tique_%C3%A0_fin_novembre_2024.pdf,downloaded,"sha256 8a4a500d343eede8, 3064223 bytes -> archive/Conjoncture/2024-11/v1/Conjoncture_énergétique_à_fin_novembre_2024.pdf",2026-06-25T19:50:00Z
https://www.energiemines.gov.tn/fileadmin/docs-u1/Conjoncture_%C3%A9nerg%C3%A9tique_%C3%A0_fin_octobre_2024.pdf,downloaded,"sha256 c539a1a0d2c96338, 3090871 bytes -> archive/Conjoncture/2024-10/v1/Conjoncture_énergétique_à_fin_octobre_2024.pdf",2026-06-25T19:50:02Z
https://www.energiemines.gov.tn/fileadmin/docs-u1/Conjoncture_%C3%A9nerg%C3%A9tique_%C3%A0_fin_septembre_2024.pdf,downloaded,"sha256 e16cb84d55610866, 4366740 bytes -> archive/Conjoncture/2024-09/v1/Conjoncture_énergétique_à_fin_septembre_2024.pdf",2026-06-25T19:50:04Z
https://www.energiemines.gov.tn/fileadmin/docs-u1/Conjoncture_%C3%A9nerg%C3%A9tique_Ao%C3%BBt__2024.pdf,downloaded,"sha256 d788adfc2c8571bf, 4344715 bytes -> archive/Conjoncture/2024-08/v1/Conjoncture_énergétique_Août__2024.pdf",2026-06-25T19:50:06Z
https://www.energiemines.gov.tn/fileadmin/docs-u1/Conjoncture_%C3%A9nerg%C3%A9tique_Janvier_2021_Ar_resum%C3%A9_vf.pdf,downloaded,"sha256 52e1f35b06a5bef5, 1120987 bytes -> archive/Conjoncture/2021-01/v1/Conjoncture_énergétique_Janvier_2021_Ar_resumé_vf.pdf",2026-06-25T19:50:08Z
https://www.energiemines.gov.tn/fileadmin/docs-u1/Conjoncture_%C3%A9nerg%C3%A9tique_Janvier_2021_Fr_vf.pdf,downloaded,"sha256 8e575d8452425f42, 2229706 bytes -> archive/Conjoncture/2021-01/v1/Conjoncture_énergétique_Janvier_2021_Fr_vf.pdf",2026-06-25T19:50:09Z
https://www.energiemines.gov.tn/fileadmin/docs-u1/Conjoncture_%C3%A9nerg%C3%A9tique_Janvier_2022_Ar.pdf,downloaded,"sha256 54139c64b96d5473, 2716238 bytes -> archive/Conjoncture/2022-01/v1/Conjoncture_énergétique_Janvier_2022_Ar.pdf",2026-06-25T19:50:11Z
https://www.energiemines.gov.tn/fileadmin/docs-u1/Conjoncture_%C3%A9nerg%C3%A9tique_Janvier_2022_Fr.pdf,downloaded,"sha256 b0da8a8198df4563, 3486094 bytes -> archive/Conjoncture/2022-01/v1/Conjoncture_énergétique_Janvier_2022_Fr.pdf",2026-06-25T19:50:12Z
https://www.energiemines.gov.tn/fileadmin/docs-u1/Conjoncture_%C3%A9nerg%C3%A9tique_Juillet__2023.pdf,downloaded,"sha256 e38c6bf65d3ddf6a, 3362642 bytes -> archive/Conjoncture/2023-07/v1/Conjoncture_énergétique_Juillet__2023.pdf",2026-06-25T19:50:14Z
https://www.energiemines.gov.tn/fileadmin/docs-u1/Conjoncture_%C3%A9nerg%C3%A9tique_Mars_2020.pdf,downloaded,"sha256 e3e3f43e2e08a38c, 2386489 bytes -> archive/Conjoncture/2020-03/v1/Conjoncture_énergétique_Mars_2020.pdf",2026-06-25T19:50:16Z
https://www.energiemines.gov.tn/fileadmin/docs-u1/Conjoncture_%C3%A9nerg%C3%A9tique_Octobre_2023.pdf,downloaded,"sha256 ac1ad6dbe0938de0, 4660643 bytes -> archive/Conjoncture/2023-10/v1/Conjoncture_énergétique_Octobre_2023.pdf",2026-06-25T19:50:18Z
https://www.energiemines.gov.tn/fileadmin/docs-u1/Conjoncture_%C3%A9nerg%C3%A9tique__ao%C3%BBt__2025.pdf,downloaded,"sha256 ac2940b6f8d2ad3d, 5147017 bytes -> archive/Conjoncture/2025-08/v1/Conjoncture_énergétique__août__2025.pdf",2026-06-25T19:50:20Z
https://www.energiemines.gov.tn/fileadmin/docs-u1/Conjoncture_%C3%A9nerg%C3%A9tique__aout_2022-Ar-_Resum%C3%A9.pdf,downloaded,"sha256 12be3b422c45083d, 2717404 bytes -> archive/Conjoncture/2022-08/v1/Conjoncture_énergétique__aout_2022-Ar-_Resumé.pdf",2026-06-25T19:50:22Z
https://www.energiemines.gov.tn/fileadmin/docs-u1/Conjoncture_%C3%A9nerg%C3%A9tique__avril_2022-Ar-_Resum%C3%A9.pdf,downloaded,"sha256 f043f15fbff54714, 3064200 bytes -> archive/Conjoncture/2022-04/v1/Conjoncture_énergétique__avril_2022-Ar-_Resumé.pdf",2026-06-25T19:50:24Z
https://www.energiemines.gov.tn/fileadmin/docs-u1/Conjoncture_%C3%A9nerg%C3%A9tique__avril_2022-Fr.pdf,downloaded,"sha256 f6dc25e41e693da5, 2118991 bytes -> archive/Conjoncture/2022-04/v1/Conjoncture_énergétique__avril_2022-Fr.pdf",2026-06-25T19:50:26Z
https://www.energiemines.gov.tn/fileadmin/docs-u1/Conjoncture_%C3%A9nerg%C3%A9tique__avril_2026.pdf,downloaded,"sha256 4c91195f11fc4e5a, 4827354 bytes -> archive/Conjoncture/2026-04/v1/Conjoncture_énergétique__avril_2026.pdf",2026-06-25T19:50:27Z
https://www.energiemines.gov.tn/fileadmin/docs-u1/Conjoncture_%C3%A9nerg%C3%A9tique__d%C3%A9cembre_2025.pdf,downloaded,"sha256 9a736ea9a6fca085, 4963165 bytes -> archive/Conjoncture/2025-12/v1/Conjoncture_énergétique__décembre_2025.pdf",2026-06-25T19:50:30Z
https://www.energiemines.gov.tn/fileadmin/docs-u1/Conjoncture_%C3%A9nerg%C3%A9tique__f%C3%A9vrier_2026.pdf,downloaded,"sha256 2718a2120197b86b, 4896849 bytes -> archive/Conjoncture/2026-02/v1/Conjoncture_énergétique__février_2026.pdf",2026-06-25T19:50:32Z
https://www.energiemines.gov.tn/fileadmin/docs-u1/Conjoncture_%C3%A9nerg%C3%A9tique__janvier_2026.pdf,downloaded,"sha256 2b32b8a7773e2234, 4892020 bytes -> archive/Conjoncture/2026-01/v1/Conjoncture_énergétique__janvier_2026.pdf",2026-06-25T19:50:34Z
https://www.energiemines.gov.tn/fileadmin/docs-u1/Conjoncture_%C3%A9nerg%C3%A9tique__juillet_2022-Ar-_Resum%C3%A9.pdf,downloaded,"sha256 9b69d18ef63ae345, 1244427 bytes -> archive/Conjoncture/2022-07/v1/Conjoncture_énergétique__juillet_2022-Ar-_Resumé.pdf",2026-06-25T19:50:36Z
https://www.energiemines.gov.tn/fileadmin/docs-u1/Conjoncture_%C3%A9nerg%C3%A9tique__juin_2025.pdf,downloaded,"sha256 de9ced78d594e9bd, 4852054 bytes -> archive/Conjoncture/2025-06/v1/Conjoncture_énergétique__juin_2025.pdf",2026-06-25T19:50:38Z
https://www.energiemines.gov.tn/fileadmin/docs-u1/Conjoncture_%C3%A9nerg%C3%A9tique__mai_2025.pdf,downloaded,"sha256 9cdec53d695240c5, 2064329 bytes -> archive/Conjoncture/2025-05/v1/Conjoncture_énergétique__mai_2025.pdf",2026-06-25T19:50:40Z
https://www.energiemines.gov.tn/fileadmin/docs-u1/Conjoncture_%C3%A9nerg%C3%A9tique__mars_2022-Ar-_Resum%C3%A9.pdf,downloaded,"sha256 69d1c34d561e1b17, 1233152 bytes -> archive/Conjoncture/2022-03/v1/Conjoncture_énergétique__mars_2022-Ar-_Resumé.pdf",2026-06-25T19:50:41Z
https://www.energiemines.gov.tn/fileadmin/docs-u1/Conjoncture_%C3%A9nerg%C3%A9tique__mars_2026.pdf,downloaded,"sha256 5dda205d3040a061, 4903068 bytes -> archive/Conjoncture/2026-03/v1/Conjoncture_énergétique__mars_2026.pdf",2026-06-25T19:50:43Z
https://www.energiemines.gov.tn/fileadmin/docs-u1/Conjoncture_%C3%A9nerg%C3%A9tique__novembre_2025.pdf,downloaded,"sha256 5f1fc58d2863eee8, 4919334 bytes -> archive/Conjoncture/2025-11/v1/Conjoncture_énergétique__novembre_2025.pdf",2026-06-25T19:50:45Z
https://www.energiemines.gov.tn/fileadmin/docs-u1/Conjoncture_%C3%A9nerg%C3%A9tique__octobre_2025.pdf,downloaded,"sha256 5c79984c14c73428, 4843667 bytes -> archive/Conjoncture/2025-10/v1/Conjoncture_énergétique__octobre_2025.pdf",2026-06-25T19:50:47Z
https://www.energiemines.gov.tn/fileadmin/docs-u1/Conjoncture_%C3%A9nerg%C3%A9tique__septembre_2025.pdf,downloaded,"sha256 e2d7a8d9a766c894, 4882855 bytes -> archive/Conjoncture/2025-09/v1/Conjoncture_énergétique__septembre_2025.pdf",2026-06-25T19:50:49Z
https://www.energiemines.gov.tn/fileadmin/docs-u1/Conjoncture_%C3%A9nerg%C3%A9tique_ao%C3%BBt_2020_Ar.pdf,downloaded,"sha256 9fcf64e6d00d98cc, 1034164 bytes -> archive/Conjoncture/2020-08/v1/Conjoncture_énergétique_août_2020_Ar.pdf",2026-06-25T19:50:51Z
https://www.energiemines.gov.tn/fileadmin/docs-u1/Conjoncture_%C3%A9nerg%C3%A9tique_ao%C3%BBt_2020_FR.pdf,downloaded,"sha256 6067449d2fb89797, 2033827 bytes -> archive/Conjoncture/2020-08/v1/Conjoncture_énergétique_août_2020_FR.pdf",2026-06-25T19:50:52Z
https://www.energiemines.gov.tn/fileadmin/docs-u1/Conjoncture_%C3%A9nerg%C3%A9tique_ao%C3%BBt_2021_Fr.pdf,downloaded,"sha256 18e86813f4417988, 2211858 bytes -> archive/Conjoncture/2021-08/v1/Conjoncture_énergétique_août_2021_Fr.pdf",2026-06-25T19:50:54Z
https://www.energiemines.gov.tn/fileadmin/docs-u1/Conjoncture_%C3%A9nerg%C3%A9tique_ao%C3%BBt_2021_Resum%C3%A9_Ar.pdf,downloaded,"sha256 44454d2c40bad93c, 1109834 bytes -> archive/Conjoncture/2021-08/v1/Conjoncture_énergétique_août_2021_Resumé_Ar.pdf",2026-06-25T19:50:55Z
https://www.energiemines.gov.tn/fileadmin/docs-u1/Conjoncture_%C3%A9nerg%C3%A9tique_aout_2022-version_Fr.pdf,downloaded,"sha256 6825d5181c6ffed8, 1997148 bytes -> archive/Conjoncture/2022-08/v1/Conjoncture_énergétique_aout_2022-version_Fr.pdf",2026-06-25T19:50:57Z
https://www.energiemines.gov.tn/fileadmin/docs-u1/Conjoncture_%C3%A9nerg%C3%A9tique_aout_2023.pdf,downloaded,"sha256 1f3dd63d9b27a175, 3348911 bytes -> archive/Conjoncture/2023-08/v1/Conjoncture_énergétique_aout_2023.pdf",2026-06-25T19:50:58Z
https://www.energiemines.gov.tn/fileadmin/docs-u1/Conjoncture_%C3%A9nerg%C3%A9tique_avril_2020.pdf,downloaded,"sha256 6d362534b37978f9, 2116878 bytes -> archive/Conjoncture/2020-04/v1/Conjoncture_énergétique_avril_2020.pdf",2026-06-25T19:51:00Z
https://www.energiemines.gov.tn/fileadmin/docs-u1/Conjoncture_%C3%A9nerg%C3%A9tique_avril_2021_Ar_resum%C3%A9.vf.pdf,downloaded,"sha256 02a865a51e791781, 2201650 bytes -> archive/Conjoncture/2021-04/v1/Conjoncture_énergétique_avril_2021_Ar_resumé.vf.pdf",2026-06-25T19:51:02Z
https://www.energiemines.gov.tn/fileadmin/docs-u1/Conjoncture_%C3%A9nerg%C3%A9tique_avril_2021_Fr.vf.pdf,downloaded,"sha256 e57f3007bac22cf5, 2077269 bytes -> archive/Conjoncture/2021-04/v1/Conjoncture_énergétique_avril_2021_Fr.vf.pdf",2026-06-25T19:51:04Z
https://www.energiemines.gov.tn/fileadmin/docs-u1/Conjoncture_%C3%A9nerg%C3%A9tique_avril_2023-version_Fr.pdf,downloaded,"sha256 9b951d5252b52ee1, 4431007 bytes -> archive/Conjoncture/2023-04/v1/Conjoncture_énergétique_avril_2023-version_Fr.pdf",2026-06-25T19:51:05Z
https://www.energiemines.gov.tn/fileadmin/docs-u1/Conjoncture_%C3%A9nerg%C3%A9tique_avril_2024.pdf,downloaded,"sha256 94527d201304d5ec, 3406975 bytes -> archive/Conjoncture/2024-04/v1/Conjoncture_énergétique_avril_2024.pdf",2026-06-25T19:51:07Z
https://www.energiemines.gov.tn/fileadmin/docs-u1/Conjoncture_%C3%A9nerg%C3%A9tique_avril_2025.pdf,downloaded,"sha256 b733c24df369eb81, 4843659 bytes -> archive/Conjoncture/2025-04/v1/Conjoncture_énergétique_avril_2025.pdf",2026-06-25T19:51:09Z
https://www.energiemines.gov.tn/fileadmin/docs-u1/Conjoncture_%C3%A9nerg%C3%A9tique_avril__2023-resum%C3%A9_Ar.pdf,downloaded,"sha256 68b29fd6ddac1b21, 2798571 bytes -> archive/Conjoncture/2023-04/v1/Conjoncture_énergétique_avril__2023-resumé_Ar.pdf",2026-06-25T19:51:11Z
https://www.energiemines.gov.tn/fileadmin/docs-u1/Conjoncture_%C3%A9nerg%C3%A9tique_d%C3%A9cembre_2019_.pdf,downloaded,"sha256 0c987b0476c899c5, 2554836 bytes -> archive/Conjoncture/2019-12/v1/Conjoncture_énergétique_décembre_2019_.pdf",2026-06-25T19:51:13Z
https://www.energiemines.gov.tn/fileadmin/docs-u1/Conjoncture_%C3%A9nerg%C3%A9tique_d%C3%A9cembre_2020_Fr_.pdf,downloaded,"sha256 4a0a7851c1175b22, 2617303 bytes -> archive/Conjoncture/2020-12/v1/Conjoncture_énergétique_décembre_2020_Fr_.pdf",2026-06-25T19:51:15Z
https://www.energiemines.gov.tn/fileadmin/docs-u1/Conjoncture_%C3%A9nerg%C3%A9tique_d%C3%A9cembre_2020_resum%C3%A9_Ar_.pdf,downloaded,"sha256 4ba36f3640a61556, 1113303 bytes -> archive/Conjoncture/2020-12/v1/Conjoncture_énergétique_décembre_2020_resumé_Ar_.pdf",2026-06-25T19:51:16Z
https://www.energiemines.gov.tn/fileadmin/docs-u1/Conjoncture_%C3%A9nerg%C3%A9tique_d%C3%A9cembre_2021_Fr_VF.pdf,downloaded,"sha256 8ed13e807d69c29f, 2191160 bytes -> archive/Conjoncture/2021-12/v1/Conjoncture_énergétique_décembre_2021_Fr_VF.pdf",2026-06-25T19:51:18Z
https://www.energiemines.gov.tn/fileadmin/docs-u1/Conjoncture_%C3%A9nerg%C3%A9tique_d%C3%A9cembre_2021_R%C3%A9sum%C3%A9_Ar_VF.pdf,downloaded,"sha256 d14dab88629960bc, 1146745 bytes -> archive/Conjoncture/2021-12/v1/Conjoncture_énergétique_décembre_2021_Résumé_Ar_VF.pdf",2026-06-25T19:51:20Z
https://www.energiemines.gov.tn/fileadmin/docs-u1/Conjoncture_%C3%A9nerg%C3%A9tique_d%C3%A9cembre_2022__VF-2024_.pdf,downloaded,"sha256 a5cb5df4bee0f020, 3351427 bytes -> archive/Conjoncture/2022-12/VF-2024/Conjoncture_énergétique_décembre_2022__VF-2024_.pdf",2026-06-25T19:51:22Z
https://www.energiemines.gov.tn/fileadmin/docs-u1/Conjoncture_%C3%A9nerg%C3%A9tique_d%C3%A9cembre_2023___v_2024_.pdf,downloaded,"sha256 fa6f3b8efb0aaa05, 4651945 bytes -> archive/Conjoncture/2023-12/v_2024/Conjoncture_énergétique_décembre_2023___v_2024_.pdf",2026-06-25T19:51:23Z
https://www.energiemines.gov.tn/fileadmin/docs-u1/Conjoncture_%C3%A9nerg%C3%A9tique_f%C3%A9vrier_2021_Resum%C3%A9_Ar.pdf,downloaded,"sha256 04be23371c6f2afe, 1067648 bytes -> archive/Conjoncture/2021-02/v1/Conjoncture_énergétique_février_2021_Resumé_Ar.pdf",2026-06-25T19:51:25Z
https://www.energiemines.gov.tn/fileadmin/docs-u1/Conjoncture_%C3%A9nerg%C3%A9tique_f%C3%A9vrier_2021_fr.pdf,downloaded,"sha256 e75a7b6b4fb863f5, 1917599 bytes -> archive/Conjoncture/2021-02/v1/Conjoncture_énergétique_février_2021_fr.pdf",2026-06-25T19:51:27Z
https://www.energiemines.gov.tn/fileadmin/docs-u1/Conjoncture_%C3%A9nerg%C3%A9tique_f%C3%A9vrier_2022-Ar-_Resum%C3%A9.pdf,downloaded,"sha256 5df638fef12c750c, 1099994 bytes -> archive/Conjoncture/2022-02/v1/Conjoncture_énergétique_février_2022-Ar-_Resumé.pdf",2026-06-25T19:51:28Z
https://www.energiemines.gov.tn/fileadmin/docs-u1/Conjoncture_%C3%A9nerg%C3%A9tique_f%C3%A9vrier_2022-Fr.pdf,downloaded,"sha256 927184c4ec5c0424, 2024536 bytes -> archive/Conjoncture/2022-02/v1/Conjoncture_énergétique_février_2022-Fr.pdf",2026-06-25T19:51:30Z
https://www.energiemines.gov.tn/fileadmin/docs-u1/Conjoncture_%C3%A9nerg%C3%A9tique_f%C3%A9vrier_2023-r%C3%A9sum%C3%A9_AR.pdf,downloaded,"sha256 b96ef318dc70e1af, 1508153 bytes -> archive/Conjoncture/2023-02/v1/Conjoncture_énergétique_février_2023-résumé_AR.pdf",2026-06-25T19:51:31Z
https://www.energiemines.gov.tn/fileadmin/docs-u1/Conjoncture_%C3%A9nerg%C3%A9tique_f%C3%A9vrier_2023__06-2023_.pdf,downloaded,"sha256 1e6b042216672514, 4643434 bytes -> archive/Conjoncture/2023-02/v1/Conjoncture_énergétique_février_2023__06-2023_.pdf",2026-06-25T19:51:33Z
https://www.energiemines.gov.tn/fileadmin/docs-u1/Conjoncture_%C3%A9nerg%C3%A9tique_f%C3%A9vrier_2024.pdf,downloaded,"sha256 d4e1b8e1e4ea4941, 3367066 bytes -> archive/Conjoncture/2024-02/v1/Conjoncture_énergétique_février_2024.pdf",2026-06-25T19:51:35Z
https://www.energiemines.gov.tn/fileadmin/docs-u1/Conjoncture_%C3%A9nerg%C3%A9tique_f%C3%A9vrier_2025.pdf,downloaded,"sha256 c2b230559c963aed, 4848460 bytes -> archive/Conjoncture/2025-02/v1/Conjoncture_énergétique_février_2025.pdf",2026-06-25T19:51:37Z
https://www.energiemines.gov.tn/fileadmin/docs-u1/Conjoncture_%C3%A9nerg%C3%A9tique_fin_f%C3%A9vrier_2024-_version_arabe.pdf,downloaded,"sha256 cd3c4363bd5fc464, 1507348 bytes -> archive/Conjoncture/2024-02/v1/Conjoncture_énergétique_fin_février_2024-_version_arabe.pdf",2026-06-25T19:51:39Z
https://www.energiemines.gov.tn/fileadmin/docs-u1/Conjoncture_%C3%A9nerg%C3%A9tique_janvier_2020.pdf,downloaded,"sha256 b64644ae7613f920, 2235993 bytes -> archive/Conjoncture/2020-01/v1/Conjoncture_énergétique_janvier_2020.pdf",2026-06-25T19:51:40Z
https://www.energiemines.gov.tn/fileadmin/docs-u1/Conjoncture_%C3%A9nerg%C3%A9tique_janvier_2023-resum%C3%A9_Ar.pdf,downloaded,"sha256 13ccf8f25a4b12c1, 1040626 bytes -> archive/Conjoncture/2023-01/v1/Conjoncture_énergétique_janvier_2023-resumé_Ar.pdf",2026-06-25T19:51:42Z
https://www.energiemines.gov.tn/fileadmin/docs-u1/Conjoncture_%C3%A9nerg%C3%A9tique_janvier_2023-version_Fr__06-2023_.pdf,downloaded,"sha256 8c7a718671876968, 4705665 bytes -> archive/Conjoncture/2023-01/v1/Conjoncture_énergétique_janvier_2023-version_Fr__06-2023_.pdf",2026-06-25T19:51:43Z
https://www.energiemines.gov.tn/fileadmin/docs-u1/Conjoncture_%C3%A9nerg%C3%A9tique_janvier_2024.pdf,downloaded,"sha256 f009a35a42b2366f, 3354836 bytes -> archive/Conjoncture/2024-01/v1/Conjoncture_énergétique_janvier_2024.pdf",2026-06-25T19:51:45Z
https://www.energiemines.gov.tn/fileadmin/docs-u1/Conjoncture_%C3%A9nerg%C3%A9tique_janvier_2025.pdf,downloaded,"sha256 35a2f4d42c43dc34, 4831713 bytes -> archive/Conjoncture/2025-01/v1/Conjoncture_énergétique_janvier_2025.pdf",2026-06-25T19:51:47Z
https://www.energiemines.gov.tn/fileadmin/docs-u1/Conjoncture_%C3%A9nerg%C3%A9tique_juillet_2020.pdf,downloaded,"sha256 09031aee935a01f1, 1150744 bytes -> archive/Conjoncture/2020-07/v1/Conjoncture_énergétique_juillet_2020.pdf",2026-06-25T19:51:49Z
https://www.energiemines.gov.tn/fileadmin/docs-u1/Conjoncture_%C3%A9nerg%C3%A9tique_juillet_2020__Ar_.pdf,downloaded,"sha256 3812fee7bfff2821, 1179487 bytes -> archive/Conjoncture/2020-07/v1/Conjoncture_énergétique_juillet_2020__Ar_.pdf",2026-06-25T19:51:50Z
https://www.energiemines.gov.tn/fileadmin/docs-u1/Conjoncture_%C3%A9nerg%C3%A9tique_juillet_2021_Fr.pdf,downloaded,"sha256 0d0885708e7793df, 2328692 bytes -> archive/Conjoncture/2021-07/v1/Conjoncture_énergétique_juillet_2021_Fr.pdf",2026-06-25T19:51:52Z
https://www.energiemines.gov.tn/fileadmin/docs-u1/Conjoncture_%C3%A9nerg%C3%A9tique_juillet_2021_resum%C3%A9_Ar.pdf,downloaded,"sha256 e2f9bdf06c9ef05a, 1051616 bytes -> archive/Conjoncture/2021-07/v1/Conjoncture_énergétique_juillet_2021_resumé_Ar.pdf",2026-06-25T19:51:53Z
https://www.energiemines.gov.tn/fileadmin/docs-u1/Conjoncture_%C3%A9nerg%C3%A9tique_juillet_2022-version_Fr.pdf,downloaded,"sha256 0448a3fa1f6beb2a, 2175380 bytes -> archive/Conjoncture/2022-07/v1/Conjoncture_énergétique_juillet_2022-version_Fr.pdf",2026-06-25T19:51:55Z
https://www.energiemines.gov.tn/fileadmin/docs-u1/Conjoncture_%C3%A9nerg%C3%A9tique_juillet_2024.pdf,downloaded,"sha256 382a31ed2d09875a, 4311855 bytes -> archive/Conjoncture/2024-07/v1/Conjoncture_énergétique_juillet_2024.pdf",2026-06-25T19:51:56Z
https://www.energiemines.gov.tn/fileadmin/docs-u1/Conjoncture_%C3%A9nerg%C3%A9tique_juin_2020.pdf,downloaded,"sha256 564ca3b3e2db656d, 2071431 bytes -> archive/Conjoncture/2020-06/v1/Conjoncture_énergétique_juin_2020.pdf",2026-06-25T19:51:58Z
https://www.energiemines.gov.tn/fileadmin/docs-u1/Conjoncture_%C3%A9nerg%C3%A9tique_juin_2020__Ar_.pdf,downloaded,"sha256 91705be8923b6ef3, 950637 bytes -> archive/Conjoncture/2020-06/v1/Conjoncture_énergétique_juin_2020__Ar_.pdf",2026-06-25T19:52:00Z
https://www.energiemines.gov.tn/fileadmin/docs-u1/Conjoncture_%C3%A9nerg%C3%A9tique_juin_2021.Fr.pdf,downloaded,"sha256 f53971775206f3ed, 2063669 bytes -> archive/Conjoncture/2021-06/v1/Conjoncture_énergétique_juin_2021.Fr.pdf",2026-06-25T19:52:01Z
https://www.energiemines.gov.tn/fileadmin/docs-u1/Conjoncture_%C3%A9nerg%C3%A9tique_juin_2021.R%C3%A9sum%C3%A9_Ar.pdf,downloaded,"sha256 e452a34fada75b67, 1170058 bytes -> archive/Conjoncture/2021-06/v1/Conjoncture_énergétique_juin_2021.Résumé_Ar.pdf",2026-06-25T19:52:03Z
https://www.energiemines.gov.tn/fileadmin/docs-u1/Conjoncture_%C3%A9nerg%C3%A9tique_juin_2022-R%C3%A9sum%C3%A9_Ar.pdf,downloaded,"sha256 795e1637e32ce1bf, 2759605 bytes -> archive/Conjoncture/2022-06/v1/Conjoncture_énergétique_juin_2022-Résumé_Ar.pdf",2026-06-25T19:52:04Z
https://www.energiemines.gov.tn/fileadmin/docs-u1/Conjoncture_%C3%A9nerg%C3%A9tique_juin_2022-version_Fr.pdf,downloaded,"sha256 4eb204088b4f3538, 3488418 bytes -> archive/Conjoncture/2022-06/v1/Conjoncture_énergétique_juin_2022-version_Fr.pdf",2026-06-25T19:52:06Z
https://www.energiemines.gov.tn/fileadmin/docs-u1/Conjoncture_%C3%A9nerg%C3%A9tique_juin_2023-resum%C3%A9_Ar.pdf,downloaded,"sha256 646a03d49b4ab6a6, 3051657 bytes -> archive/Conjoncture/2023-06/v1/Conjoncture_énergétique_juin_2023-resumé_Ar.pdf",2026-06-25T19:52:08Z
https://www.energiemines.gov.tn/fileadmin/docs-u1/Conjoncture_%C3%A9nerg%C3%A9tique_juin_2023-version_Fr.pdf,downloaded,"sha256 820119369c31f21e, 4840177 bytes -> archive/Conjoncture/2023-06/v1/Conjoncture_énergétique_juin_2023-version_Fr.pdf",2026-06-25T19:52:10Z
https://www.energiemines.gov.tn/fileadmin/docs-u1/Conjoncture_%C3%A9nerg%C3%A9tique_juin_2024.pdf,downloaded,"sha256 ebbe341cd7caecec, 3381813 bytes -> archive/Conjoncture/2024-06/v1/Conjoncture_énergétique_juin_2024.pdf",2026-06-25T19:52:12Z
https://www.energiemines.gov.tn/fileadmin/docs-u1/Conjoncture_%C3%A9nerg%C3%A9tique_mai_2020.pdf,downloaded,"sha256 ef4f39713f517273, 1755228 bytes -> archive/Conjoncture/2020-05/v1/Conjoncture_énergétique_mai_2020.pdf",2026-06-25T19:52:14Z
https://www.energiemines.gov.tn/fileadmin/docs-u1/Conjoncture_%C3%A9nerg%C3%A9tique_mai_2021-_Ar_resum%C3%A9.pdf,downloaded,"sha256 eb448dddb0a84f10, 1189837 bytes -> archive/Conjoncture/2021-05/v1/Conjoncture_énergétique_mai_2021-_Ar_resumé.pdf",2026-06-25T19:52:15Z
https://www.energiemines.gov.tn/fileadmin/docs-u1/Conjoncture_%C3%A9nerg%C3%A9tique_mai_2021-_Fr.pdf,downloaded,"sha256 7181b735e2d2b4c1, 2336248 bytes -> archive/Conjoncture/2021-05/v1/Conjoncture_énergétique_mai_2021-_Fr.pdf",2026-06-25T19:52:17Z
https://www.energiemines.gov.tn/fileadmin/docs-u1/Conjoncture_%C3%A9nerg%C3%A9tique_mai_2022-R%C3%A9sum%C3%A9_Ar_updated.pdf,downloaded,"sha256 ee210d3105e4b628, 2753439 bytes -> archive/Conjoncture/2022-05/updated/Conjoncture_énergétique_mai_2022-Résumé_Ar_updated.pdf",2026-06-25T19:52:18Z
https://www.energiemines.gov.tn/fileadmin/docs-u1/Conjoncture_%C3%A9nerg%C3%A9tique_mai_2022-version_Fr_updated.pdf,downloaded,"sha256 aa1f0d62aec65162, 3582102 bytes -> archive/Conjoncture/2022-05/updated/Conjoncture_énergétique_mai_2022-version_Fr_updated.pdf",2026-06-25T19:52:20Z
https://www.energiemines.gov.tn/fileadmin/docs-u1/Conjoncture_%C3%A9nerg%C3%A9tique_mai_2023-resum%C3%A9_Ar.pdf,downloaded,"sha256 c46d8a0af511bdc6, 2808070 bytes -> archive/Conjoncture/2023-05/v1/Conjoncture_énergétique_mai_2023-resumé_Ar.pdf",2026-06-25T19:52:22Z
https://www.energiemines.gov.tn/fileadmin/docs-u1/Conjoncture_%C3%A9nerg%C3%A9tique_mai_2023-version_Fr.pdf,downloaded,"sha256 4da4ae61ec5abc84, 4612358 bytes -> archive/Conjoncture/2023-05/v1/Conjoncture_énergétique_mai_2023-version_Fr.pdf",2026-06-25T19:52:23Z
https://www.energiemines.gov.tn/fileadmin/docs-u1/Conjoncture_%C3%A9nerg%C3%A9tique_mai_2024.pdf,downloaded,"sha256 6fa801edd6cbf06b, 3297492 bytes -> archive/Conjoncture/2024-05/v1/Conjoncture_énergétique_mai_2024.pdf",2026-06-25T19:52:25Z
https://www.energiemines.gov.tn/fileadmin/docs-u1/Conjoncture_%C3%A9nerg%C3%A9tique_mars_2021_Fr.vf.pdf,downloaded,"sha256 e14cf97f771787bd, 2130476 bytes -> archive/Conjoncture/2021-03/v1/Conjoncture_énergétique_mars_2021_Fr.vf.pdf",2026-06-25T19:52:27Z
https://www.energiemines.gov.tn/fileadmin/docs-u1/Conjoncture_%C3%A9nerg%C3%A9tique_mars_2021_R%C3%A9sum%C3%A9_Ar.vf.pdf,downloaded,"sha256 41597389fe5d263d, 1135826 bytes -> archive/Conjoncture/2021-03/v1/Conjoncture_énergétique_mars_2021_Résumé_Ar.vf.pdf",2026-06-25T19:52:29Z
https://www.energiemines.gov.tn/fileadmin/docs-u1/Conjoncture_%C3%A9nerg%C3%A9tique_mars_2022-Fr.pdf,downloaded,"sha256 106fbd79758e5620, 2132754 bytes -> archive/Conjoncture/2022-03/v1/Conjoncture_énergétique_mars_2022-Fr.pdf",2026-06-25T19:52:30Z
https://www.energiemines.gov.tn/fileadmin/docs-u1/Conjoncture_%C3%A9nerg%C3%A9tique_mars_2023-resum%C3%A9_Ar__06-2023_.pdf,downloaded,"sha256 a37c477135a27fc0, 3087768 bytes -> archive/Conjoncture/2023-03/v1/Conjoncture_énergétique_mars_2023-resumé_Ar__06-2023_.pdf",2026-06-25T19:52:32Z
https://www.energiemines.gov.tn/fileadmin/docs-u1/Conjoncture_%C3%A9nerg%C3%A9tique_mars_2023-version_Fr__06-2023_.pdf,downloaded,"sha256 6bfc4feba9670548, 4637164 bytes -> archive/Conjoncture/2023-03/v1/Conjoncture_énergétique_mars_2023-version_Fr__06-2023_.pdf",2026-06-25T19:52:34Z
https://www.energiemines.gov.tn/fileadmin/docs-u1/Conjoncture_%C3%A9nerg%C3%A9tique_mars_2024.pdf,downloaded,"sha256 2bbcc21da16e0acb, 3445721 bytes -> archive/Conjoncture/2024-03/v1/Conjoncture_énergétique_mars_2024.pdf",2026-06-25T19:52:36Z
https://www.energiemines.gov.tn/fileadmin/docs-u1/Conjoncture_%C3%A9nerg%C3%A9tique_mars_2025.pdf,downloaded,"sha256 0b6631d72d90765d, 4826210 bytes -> archive/Conjoncture/2025-03/v1/Conjoncture_énergétique_mars_2025.pdf",2026-06-25T19:52:37Z
https://www.energiemines.gov.tn/fileadmin/docs-u1/Conjoncture_%C3%A9nerg%C3%A9tique_novembre_2020_Fr.pdf,downloaded,"sha256 e464548c584f54cf, 2120452 bytes -> archive/Conjoncture/2020-11/v1/Conjoncture_énergétique_novembre_2020_Fr.pdf",2026-06-25T19:52:39Z
https://www.energiemines.gov.tn/fileadmin/docs-u1/Conjoncture_%C3%A9nerg%C3%A9tique_novembre_2020_resum%C3%A9_AR.pdf,downloaded,"sha256 60167cc2e942473a, 1052279 bytes -> archive/Conjoncture/2020-11/v1/Conjoncture_énergétique_novembre_2020_resumé_AR.pdf",2026-06-25T19:52:41Z
https://www.energiemines.gov.tn/fileadmin/docs-u1/Conjoncture_%C3%A9nerg%C3%A9tique_novembre_2021.pdf,downloaded,"sha256 58b8b185927053d7, 2480375 bytes -> archive/Conjoncture/2021-11/v1/Conjoncture_énergétique_novembre_2021.pdf",2026-06-25T19:52:43Z
https://www.energiemines.gov.tn/fileadmin/docs-u1/Conjoncture_%C3%A9nerg%C3%A9tique_novembre_2021_R%C3%A9sum%C3%A9_Ar.pdf,downloaded,"sha256 fb3144b711e21370, 1107483 bytes -> archive/Conjoncture/2021-11/v1/Conjoncture_énergétique_novembre_2021_Résumé_Ar.pdf",2026-06-25T19:52:44Z
https://www.energiemines.gov.tn/fileadmin/docs-u1/Conjoncture_%C3%A9nerg%C3%A9tique_novembre_2022-Ar-_Resum%C3%A9.pdf,downloaded,"sha256 6db06e508596f3ae, 1138007 bytes -> archive/Conjoncture/2022-11/v1/Conjoncture_énergétique_novembre_2022-Ar-_Resumé.pdf",2026-06-25T19:52:46Z
https://www.energiemines.gov.tn/fileadmin/docs-u1/Conjoncture_%C3%A9nerg%C3%A9tique_novembre_2022-version_Fr.pdf,downloaded,"sha256 470b509ad9a1889f, 1944957 bytes -> archive/Conjoncture/2022-11/v1/Conjoncture_énergétique_novembre_2022-version_Fr.pdf",2026-06-25T19:52:47Z
https://www.energiemines.gov.tn/fileadmin/docs-u1/Conjoncture_%C3%A9nerg%C3%A9tique_novembre_2023.pdf,downloaded,"sha256 f045c3f6447b15ff, 3456465 bytes -> archive/Conjoncture/2023-11/v1/Conjoncture_énergétique_novembre_2023.pdf",2026-06-25T19:52:49Z
https://www.energiemines.gov.tn/fileadmin/docs-u1/Conjoncture_%C3%A9nerg%C3%A9tique_octobre_2020-_resum%C3%A9_AR.pdf,downloaded,"sha256 65398ed97cfafc4d, 1202325 bytes -> archive/Conjoncture/2020-10/v1/Conjoncture_énergétique_octobre_2020-_resumé_AR.pdf",2026-06-25T19:52:51Z
https://www.energiemines.gov.tn/fileadmin/docs-u1/Conjoncture_%C3%A9nerg%C3%A9tique_octobre_2020_FR.pdf,downloaded,"sha256 baa25149d1db19f2, 2297891 bytes -> archive/Conjoncture/2020-10/v1/Conjoncture_énergétique_octobre_2020_FR.pdf",2026-06-25T19:52:52Z
https://www.energiemines.gov.tn/fileadmin/docs-u1/Conjoncture_%C3%A9nerg%C3%A9tique_octobre_2021-_F.pdf,downloaded,"sha256 d66125f9232ffafb, 2160113 bytes -> archive/Conjoncture/2021-10/v1/Conjoncture_énergétique_octobre_2021-_F.pdf",2026-06-25T19:52:54Z
https://www.energiemines.gov.tn/fileadmin/docs-u1/Conjoncture_%C3%A9nerg%C3%A9tique_octobre_2022-Ar-_Resum%C3%A9.pdf,downloaded,"sha256 b74a450775e67dc7, 1139777 bytes -> archive/Conjoncture/2022-10/v1/Conjoncture_énergétique_octobre_2022-Ar-_Resumé.pdf",2026-06-25T19:52:57Z
https://www.energiemines.gov.tn/fileadmin/docs-u1/Conjoncture_%C3%A9nerg%C3%A9tique_octobre_2022-version_Fr.pdf,downloaded,"sha256 f09f331fe630857a, 2158458 bytes -> archive/Conjoncture/2022-10/v1/Conjoncture_énergétique_octobre_2022-version_Fr.pdf",2026-06-25T19:52:58Z
https://www.energiemines.gov.tn/fileadmin/docs-u1/Conjoncture_%C3%A9nerg%C3%A9tique_septembre_2020___Resum%C3%A9_Ar_.pdf,downloaded,"sha256 bb4f95c1a49f252d, 1016456 bytes -> archive/Conjoncture/2020-09/v1/Conjoncture_énergétique_septembre_2020___Resumé_Ar_.pdf",2026-06-25T19:53:00Z
https://www.energiemines.gov.tn/fileadmin/docs-u1/Conjoncture_%C3%A9nerg%C3%A9tique_septembre_2020__fr_.pdf,downloaded,"sha256 27b298fc7d62afbe, 2297527 bytes -> archive/Conjoncture/2020-09/v1/Conjoncture_énergétique_septembre_2020__fr_.pdf",2026-06-25T19:53:01Z
https://www.energiemines.gov.tn/fileadmin/docs-u1/Conjoncture_%C3%A9nerg%C3%A9tique_septembre_2021-_Fr.pdf,downloaded,"sha256 24162b559938d0a8, 2148569 bytes -> archive/Conjoncture/2021-09/v1/Conjoncture_énergétique_septembre_2021-_Fr.pdf",2026-06-25T19:53:03Z
https://www.energiemines.gov.tn/fileadmin/docs-u1/Conjoncture_%C3%A9nerg%C3%A9tique_septembre_2021_Resum%C3%A9_Ar.pdf,downloaded,"sha256 85e232fa3793d92f, 2918354 bytes -> archive/Conjoncture/2021-09/v1/Conjoncture_énergétique_septembre_2021_Resumé_Ar.pdf",2026-06-25T19:53:04Z
https://www.energiemines.gov.tn/fileadmin/docs-u1/Conjoncture_%C3%A9nerg%C3%A9tique_septembre_2022-Ar-_Resum%C3%A9.pdf,downloaded,"sha256 b16b16d5c2c88939, 2729984 bytes -> archive/Conjoncture/2022-09/v1/Conjoncture_énergétique_septembre_2022-Ar-_Resumé.pdf",2026-06-25T19:53:06Z
https://www.energiemines.gov.tn/fileadmin/docs-u1/Conjoncture_%C3%A9nerg%C3%A9tique_septembre_2022-version_Fr.pdf,downloaded,"sha256 7dca368e653193d4, 3608975 bytes -> archive/Conjoncture/2022-09/v1/Conjoncture_énergétique_septembre_2022-version_Fr.pdf",2026-06-25T19:53:08Z
https://www.energiemines.gov.tn/fileadmin/docs-u1/Conjoncture_%C3%A9nerg%C3%A9tique_septembre_2023.pdf,downloaded,"sha256 a3902a2bf2fa7ad5, 2940156 bytes -> archive/Conjoncture/2023-09/v1/Conjoncture_énergétique_septembre_2023.pdf",2026-06-25T19:53:10Z
https://www.energiemines.gov.tn/fileadmin/docs-u1/Conjoncture_%C3%A9nerg%C3%A9tque_octobre_2021-_Ar-_r%C3%A9sum%C3%A9.pdf,downloaded,"sha256 b363a6528b7c19d0, 1210920 bytes -> archive/Conjoncture/2021-10/v1/Conjoncture_énergétque_octobre_2021-_Ar-_résumé.pdf",2026-06-25T19:53:11Z
https://www.energiemines.gov.tn/fileadmin/docs-u1/Depot_Etude_Ener_Renouv_fr.pdf,downloaded,"sha256 4229da5f88f520d8, 430661 bytes -> archive/Other/undated/v1/Depot_Etude_Ener_Renouv_fr.pdf",2026-06-25T19:53:13Z
https://www.energiemines.gov.tn/fileadmin/docs-u1/Etude-Metbassta/1-Environmental-Social-Impact-Assessment-PV-Plant_fr_.pdf,downloaded,"sha256 245f6213ea6654ea, 22906638 bytes -> archive/Other/undated/v1/1-Environmental-Social-Impact-Assessment-PV-Plant_fr_.pdf",2026-06-25T19:53:14Z
https://www.energiemines.gov.tn/fileadmin/docs-u1/Etude-Metbassta/2-Environmental-Social-Impact-Assessment-OHTL_fr_.pdf,downloaded,"sha256 dd81065ff47eea70, 20269330 bytes -> archive/Other/undated/v1/2-Environmental-Social-Impact-Assessment-OHTL_fr_.pdf",2026-06-25T19:53:19Z
https://www.energiemines.gov.tn/fileadmin/docs-u1/Etude-Metbassta/3-Stakeholder-Engagement-Plan_fr_.pdf,downloaded,"sha256 cd84caf432546a42, 1916514 bytes -> archive/Other/undated/v1/3-Stakeholder-Engagement-Plan_fr_.pdf",2026-06-25T19:53:23Z
https://www.energiemines.gov.tn/fileadmin/docs-u1/Etude-Metbassta/4-Resettlement-Action-Plan-PV-Plant_fr_.pdf,downloaded,"sha256 9b874039fcca5cd3, 5289849 bytes -> archive/Other/undated/v1/4-Resettlement-Action-Plan-PV-Plant_fr_.pdf",2026-06-25T19:53:25Z
https://www.energiemines.gov.tn/fileadmin/docs-u1/Etude-Metbassta/5-Resettlement-Action-Plan-OHTL_fr_.pdf,downloaded,"sha256 7877243cfe0af0e5, 9180150 bytes -> archive/Other/undated/v1/5-Resettlement-Action-Plan-OHTL_fr_.pdf",2026-06-25T19:53:27Z
https://www.energiemines.gov.tn/fileadmin/docs-u1/Etude-Metbassta/6-Grievance-Mechanism_ar_.pdf,downloaded,"sha256 cd84f554c516dd44, 212325 bytes -> archive/Other/undated/v1/6-Grievance-Mechanism_ar_.pdf",2026-06-25T19:53:30Z
https://www.energiemines.gov.tn/fileadmin/docs-u1/Etude-Metbassta/7-Grievance-Mechanism_fr_.pdf,downloaded,"sha256 77a8221151206541, 757259 bytes -> archive/Other/undated/v1/7-Grievance-Mechanism_fr_.pdf",2026-06-25T19:53:31Z
https://www.energiemines.gov.tn/fileadmin/docs-u1/Etude-Metbassta/8-TUN-E_S-ESMS-Manual.pdf,downloaded,"sha256 68b577d6db9c6c71, 1682600 bytes -> archive/Other/undated/v1/8-TUN-E_S-ESMS-Manual.pdf",2026-06-25T19:53:32Z
https://www.energiemines.gov.tn/fileadmin/docs-u1/Evolution_du_Bilan_Energ%C3%A9tique_-_2010-2019__06-2023_.pdf,downloaded,"sha256 182867ff56c8b0ca, 1734306 bytes -> archive/Bilan/2010-2019/v1/Evolution_du_Bilan_Energétique_-_2010-2019__06-2023_.pdf",2026-06-25T19:53:34Z
https://www.energiemines.gov.tn/fileadmin/docs-u1/Guide_Detaill%C3%A9_Energie_Renouvelable_Tunisie.pdf,downloaded,"sha256 3e0f7d7b237a77bb, 9171923 bytes -> archive/Other/undated/v1/Guide_Detaillé_Energie_Renouvelable_Tunisie.pdf",2026-06-25T19:53:35Z
https://www.energiemines.gov.tn/fileadmin/docs-u1/Guide_Summary_Renewable_Energy_Tunisia.pdf,downloaded,"sha256 910358ea2469a82d, 2405391 bytes -> archive/Other/undated/v1/Guide_Summary_Renewable_Energy_Tunisia.pdf",2026-06-25T19:53:38Z
https://www.energiemines.gov.tn/fileadmin/docs-u1/Guide_d_Acc%C3%A8s_au_Foncier_Projets_ER_en_Tunisie_.pdf,downloaded,"sha256 3b43c900114a8eab, 3849979 bytes -> archive/Other/undated/v1/Guide_d_Accès_au_Foncier_Projets_ER_en_Tunisie_.pdf",2026-06-25T19:53:40Z
https://www.energiemines.gov.tn/fileadmin/docs-u1/Guide_resume_ENR_tunisie.pdf,downloaded,"sha256 1b7fc08f326541db, 1590998 bytes -> archive/Other/undated/v1/Guide_resume_ENR_tunisie.pdf",2026-06-25T19:53:42Z
https://www.energiemines.gov.tn/fileadmin/docs-u1/Note_Methodologique_sur_le_bilan_%C3%A9nerg%C3%A9tque.pdf,downloaded,"sha256 4e9a3f0219504a72, 512900 bytes -> archive/Bilan/undated/v1/Note_Methodologique_sur_le_bilan_énergétque.pdf",2026-06-25T19:53:43Z
https://www.energiemines.gov.tn/fileadmin/docs-u1/Rapport_Bilan_Energ%C3%A9tique_2020___V_10-2023_.pdf,downloaded,"sha256 3ca1943d49b24dc0, 3114913 bytes -> archive/Bilan/2020/V_10-2023/Rapport_Bilan_Energétique_2020___V_10-2023_.pdf",2026-06-25T19:53:45Z
https://www.energiemines.gov.tn/fileadmin/docs-u1/Rapport_Bilan_Energ%C3%A9tique_2021___V_10-2023_.pdf,downloaded,"sha256 9a1e01bb27e14fed, 4166040 bytes -> archive/Bilan/2021/V_10-2023/Rapport_Bilan_Energétique_2021___V_10-2023_.pdf",2026-06-25T19:53:46Z
https://www.energiemines.gov.tn/fileadmin/docs-u1/Rapport_Bilan_Energ%C3%A9tique_2022.pdf,downloaded,"sha256 3d74aa960be28ff1, 4051737 bytes -> archive/Bilan/2022/v1/Rapport_Bilan_Energétique_2022.pdf",2026-06-25T19:53:48Z
https://www.energiemines.gov.tn/fileadmin/docs-u1/Rapport_Bilan_Energ%C3%A9tique_2023.pdf,downloaded,"sha256 863af8e97d2dc0e2, 4484751 bytes -> archive/Bilan/2023/v1/Rapport_Bilan_Energétique_2023.pdf",2026-06-25T19:53:50Z
https://www.energiemines.gov.tn/fileadmin/docs-u1/Rapport_Bilan_Energ%C3%A9tique_2024.pdf,downloaded,"sha256 9c31b0d77ca8b4b9, 3284183 bytes -> archive/Bilan/2024/v1/Rapport_Bilan_Energétique_2024.pdf",2026-06-25T19:53:52Z
https://www.energiemines.gov.tn/fileadmin/docs-u1/_%D9%88%D8%B6%D8%B9_%D9%82%D8%B7%D8%A7%D8%B9_%D8%A7%D9%84%D8%B7%D8%A7%D9%82%D8%A9_%D8%A7%D9%84%D9%89_%D9%85%D9%88%D9%81%D9%89_%D8%AF%D9%8A%D8%B3%D9%85%D8%A8%D8%B1_2022___%D9%86%D8%B3%D8%AE%D8%A9_%D9%85%D8%AD%D9%8A%D9%86%D8%A9.pdf,downloaded,"sha256 cdc8ab5b8f89e14a, 3174644 bytes -> archive/Conjoncture/2022-12/_____/_وضع_قطاع_الطاقة_الى_موفى_ديسمبر_2022___نسخة_محينة.pdf",2026-06-25T19:53:54Z
https://www.energiemines.gov.tn/fileadmin/docs-u1/chiffres_cl%C3%A9s_%C3%A9nergie_2019__fr_.pdf,downloaded,"sha256 ba5c1f42f989b4b1, 2158187 bytes -> archive/Memento/2019/v1/chiffres_clés_énergie_2019__fr_.pdf",2026-06-25T19:53:56Z
https://www.energiemines.gov.tn/fileadmin/docs-u1/chiffres_cles_energie_2018._Fr.pdf,downloaded,"sha256 2c82134306a105c6, 2215727 bytes -> archive/Memento/2018/v1/chiffres_cles_energie_2018._Fr.pdf",2026-06-25T19:53:58Z
https://www.energiemines.gov.tn/fileadmin/docs-u1/synth%C3%A8se_strat%C3%A9gie_2035.pdf,downloaded,"sha256 950fa4212ce523e1, 1824781 bytes -> archive/Other/2035/v1/synthèse_stratégie_2035.pdf",2026-06-25T19:53:59Z
https://www.energiemines.gov.tn/fileadmin/user_upload/%D8%A7%D9%84%D9%82%D9%88%D8%A7%D8%A6%D9%85_%D8%A7%D9%84%D9%85%D8%A7%D9%84%D9%8A%D8%A9_%D9%84%D9%88%D8%AF%D8%A7%D8%AF%D9%8A%D8%A9_%D9%88%D8%B2%D8%A7%D8%B1%D8%A9_%D8%A7%D9%84%D8%B7%D8%A7%D9%82%D8%A9_%D9%88_%D8%A7%D9%84%D9%85%D9%86%D8%A7%D8%AC%D9%85_%D9%88_%D8%A7%D9%84%D8%A5%D9%86%D8%AA%D9%82%D8%A7%D9%84_%D8%A7%D9%84%D8%B7%D8%A7%D9%82%D9%8A_%D9%84%D8%B3%D9%86%D8%A9_2023_0A.pdf,skipped-out-of-scope,ministry mutual-association financial statement,2026-06-25T19:54:01Z
https://www.energiemines.gov.tn/fileadmin/user_upload/Bulletin_avril_2020_covid-19.pdf,downloaded,"sha256 7f5626f807bfb26c, 121332 bytes -> archive/Bulletin-COVID/2020-04/v1/Bulletin_avril_2020_covid-19.pdf",2026-06-25T19:54:01Z
https://www.energiemines.gov.tn/fileadmin/user_upload/Bulletin_mars_2020_covid-19-energie.pdf,downloaded,"sha256 9882b05da0c4e0b9, 92238 bytes -> archive/Bulletin-COVID/2020-03/v1/Bulletin_mars_2020_covid-19-energie.pdf",2026-06-25T19:54:02Z
https://www.energiemines.gov.tn/fileadmin/user_upload/Guide_resume_ENR_tunisie_mai2019-min.pdf,unchanged,sha256 match 1b7fc08f326541db,2026-06-25T19:54:04Z
https://www.energiemines.gov.tn/fileadmin/user_upload/conjoncture-energetique-fevrier-20.pdf,downloaded,"sha256 b281d71a7e284d4c, 1201455 bytes -> archive/Conjoncture/2020-02/v1/conjoncture-energetique-fevrier-20.pdf",2026-06-25T19:54:05Z
https://www.energiemines.gov.tn/fileadmin/user_upload/energies_renouvelables/PST_2015.pdf,downloaded,"sha256 44115ab37f14d5b0, 1497679 bytes -> archive/Other/2015/v1/PST_2015.pdf",2026-06-25T19:54:07Z
https://www.energiemines.gov.tn/fileadmin/user_upload/publications/conjoncture-energetique_octobre_2017.pdf,downloaded,"sha256 34e707cccbc266ca, 3991451 bytes -> archive/Conjoncture/2017-10/v1/conjoncture-energetique_octobre_2017.pdf",2026-06-25T19:54:08Z
https://www.energiemines.gov.tn/fileadmin/user_upload/publications/conjoncture_energetique_decembre_2017.pdf,downloaded,"sha256 6cd18fa98b485827, 3484310 bytes -> archive/Conjoncture/2017-12/v1/conjoncture_energetique_decembre_2017.pdf",2026-06-25T19:54:10Z
https://www.energiemines.gov.tn/fileadmin/user_upload/publications/conjoncture_energetique_novembre_2017.pdf,downloaded,"sha256 e24dbfaa09cc7648, 3821794 bytes -> archive/Conjoncture/2017-11/v1/conjoncture_energetique_novembre_2017.pdf",2026-06-25T19:54:12Z
https://www.energiemines.gov.tn/fileadmin/user_upload/publications/conjoncture_energetique_septembre_2017.pdf,downloaded,"sha256 84fe14b49cd6c3d7, 3633461 bytes -> archive/Conjoncture/2017-09/v1/conjoncture_energetique_septembre_2017.pdf",2026-06-25T19:54:15Z
https://www.energiemines.gov.tn/fileadmin/user_upload/publications/plan_action_solaire.pdf,downloaded,"sha256 56f3e4c54aeeb0ad, 3143217 bytes -> archive/Other/undated/v1/plan_action_solaire.pdf",2026-06-25T19:54:17Z
https://www.energiemines.gov.tn/fileadmin/user_upload/publications/revue_energie_95_fr.pdf,downloaded,"sha256 c78986a4044ed146, 19670685 bytes -> archive/Other/undated/v1/revue_energie_95_fr.pdf",2026-06-25T19:54:19Z
https://www.energiemines.gov.tn/fileadmin/docs-u1/%D9%85%D8%A4%D8%B4%D8%B1%D8%A7%D8%AA_%D9%82%D8%B7%D8%A7%D8%B9_%D8%A7%D9%84%D8%B7%D8%A7%D9%82%D8%A9_2024.pdf,unchanged,sha256 match 0d569d7b43d4100c,2026-06-25T19:57:43Z
https://www.energiemines.gov.tn/fileadmin/docs-u1/%D9%88%D8%B6%D8%B9_%D9%82%D8%B7%D8%A7%D8%B9_%D8%A7%D9%84%D8%B7%D8%A7%D9%82%D8%A9_%D8%A5%D9%84%D9%89_%D9%85%D9%88%D9%81%D9%89_%D8%A3%D9%81%D8%B1%D9%8A%D9%84_2025.pdf,unchanged,sha256 match a9023cec37ffa14f,2026-06-25T19:57:47Z
https://www.energiemines.gov.tn/fileadmin/docs-u1/%D9%88%D8%B6%D8%B9_%D9%82%D8%B7%D8%A7%D8%B9_%D8%A7%D9%84%D8%B7%D8%A7%D9%82%D8%A9_%D8%A5%D9%84%D9%89_%D9%85%D9%88%D9%81%D9%89_%D8%A3%D9%83%D8%AA%D9%88%D8%A8%D8%B1_2025.pdf,unchanged,sha256 match c2611a184d1fad85,2026-06-25T19:57:48Z
https://www.energiemines.gov.tn/fileadmin/docs-u1/%D9%88%D8%B6%D8%B9_%D9%82%D8%B7%D8%A7%D8%B9_%D8%A7%D9%84%D8%B7%D8%A7%D9%82%D8%A9_%D8%A5%D9%84%D9%89_%D9%85%D9%88%D9%81%D9%89_%D8%A3%D9%88%D8%AA_2025.pdf,unchanged,sha256 match cd37b5fe126a601b,2026-06-25T19:57:50Z
https://www.energiemines.gov.tn/fileadmin/docs-u1/%D9%88%D8%B6%D8%B9_%D9%82%D8%B7%D8%A7%D8%B9_%D8%A7%D9%84%D8%B7%D8%A7%D9%82%D8%A9_%D8%A5%D9%84%D9%89_%D9%85%D9%88%D9%81%D9%89_%D8%AC%D9%88%D8%A7%D9%86_2025.pdf,unchanged,sha256 match 8c523b335caca1e9,2026-06-25T19:57:51Z
https://www.energiemines.gov.tn/fileadmin/docs-u1/%D9%88%D8%B6%D8%B9_%D9%82%D8%B7%D8%A7%D8%B9_%D8%A7%D9%84%D8%B7%D8%A7%D9%82%D8%A9_%D8%A5%D9%84%D9%89_%D9%85%D9%88%D9%81%D9%89_%D8%AC%D9%88%D9%8A%D9%84%D9%8A%D8%A9_2025.pdf,unchanged,sha256 match 0764966ffa306b80,2026-06-25T19:57:53Z
https://www.energiemines.gov.tn/fileadmin/docs-u1/%D9%88%D8%B6%D8%B9_%D9%82%D8%B7%D8%A7%D8%B9_%D8%A7%D9%84%D8%B7%D8%A7%D9%82%D8%A9_%D8%A5%D9%84%D9%89_%D9%85%D9%88%D9%81%D9%89_%D8%AF%D9%8A%D8%B3%D9%85%D8%A8%D8%B1_2025.pdf,unchanged,sha256 match 586ca995848c1371,2026-06-25T19:57:55Z
https://www.energiemines.gov.tn/fileadmin/docs-u1/%D9%88%D8%B6%D8%B9_%D9%82%D8%B7%D8%A7%D8%B9_%D8%A7%D9%84%D8%B7%D8%A7%D9%82%D8%A9_%D8%A5%D9%84%D9%89_%D9%85%D9%88%D9%81%D9%89_%D9%81%D9%8A%D9%81%D8%B1%D9%8A_2025.pdf,unchanged,sha256 match fcd092915f569b79,2026-06-25T19:57:56Z
https://www.energiemines.gov.tn/fileadmin/docs-u1/%D9%88%D8%B6%D8%B9_%D9%82%D8%B7%D8%A7%D8%B9_%D8%A7%D9%84%D8%B7%D8%A7%D9%82%D8%A9_%D8%A5%D9%84%D9%89_%D9%85%D9%88%D9%81%D9%89_%D9%85%D8%A7%D8%B1%D8%B3_2025.pdf,unchanged,sha256 match 833f998732739d1a,2026-06-25T19:57:58Z
https://www.energiemines.gov.tn/fileadmin/docs-u1/%D9%88%D8%B6%D8%B9_%D9%82%D8%B7%D8%A7%D8%B9_%D8%A7%D9%84%D8%B7%D8%A7%D9%82%D8%A9_%D8%A5%D9%84%D9%89_%D9%85%D9%88%D9%81%D9%89_%D9%85%D8%A7%D9%8A_2025.pdf,unchanged,sha256 match 08c1e3581f70212d,2026-06-25T19:58:00Z
https://www.energiemines.gov.tn/fileadmin/docs-u1/%D9%88%D8%B6%D8%B9_%D9%82%D8%B7%D8%A7%D8%B9_%D8%A7%D9%84%D8%B7%D8%A7%D9%82%D8%A9_%D8%A5%D9%84%D9%89_%D9%85%D9%88%D9%81%D9%89_%D9%86%D9%88%D9%81%D9%85%D8%A8%D8%B1_2025.pdf,unchanged,sha256 match 20ec620a420b1136,2026-06-25T19:58:01Z
https://www.energiemines.gov.tn/fileadmin/docs-u1/%D9%88%D8%B6%D8%B9_%D9%82%D8%B7%D8%A7%D8%B9_%D8%A7%D9%84%D8%B7%D8%A7%D9%82%D8%A9_%D8%A5%D9%84%D9%89_%D9%85%D9%88%D9%81%D9%89_%D9%89%D8%B3%D8%A8%D8%AA%D9%85%D8%A8%D8%B1__2025.pdf,unchanged,sha256 match fa5ee883e2b76b09,2026-06-25T19:58:03Z
https://www.energiemines.gov.tn/fileadmin/docs-u1/%D9%88%D8%B6%D8%B9_%D9%82%D8%B7%D8%A7%D8%B9_%D8%A7%D9%84%D8%B7%D8%A7%D9%82%D8%A9_%D8%A7%D9%84%D9%89_%D9%85%D9%88%D9%81%D9%89_%D8%A3%D9%83%D8%AA%D9%88%D8%A8%D8%B1_2023.pdf,unchanged,sha256 match 0da31864eed55120,2026-06-25T19:58:05Z
https://www.energiemines.gov.tn/fileadmin/docs-u1/%D9%88%D8%B6%D8%B9_%D9%82%D8%B7%D8%A7%D8%B9_%D8%A7%D9%84%D8%B7%D8%A7%D9%82%D8%A9_%D8%A7%D9%84%D9%89_%D9%85%D9%88%D9%81%D9%89_%D8%A3%D9%88%D8%AA_2023.pdf,unchanged,sha256 match 128d47a12cc83ebd,2026-06-25T19:58:07Z
https://www.energiemines.gov.tn/fileadmin/docs-u1/%D9%88%D8%B6%D8%B9_%D9%82%D8%B7%D8%A7%D8%B9_%D8%A7%D9%84%D8%B7%D8%A7%D9%82%D8%A9_%D8%A7%D9%84%D9%89_%D9%85%D9%88%D9%81%D9%89_%D8%AC%D9%88%D9%8A%D9%84%D9%8A%D8%A9_2023.pdf,unchanged,sha256 match 232654359fb04dbb,2026-06-25T19:58:09Z
https://www.energiemines.gov.tn/fileadmin/docs-u1/%D9%88%D8%B6%D8%B9_%D9%82%D8%B7%D8%A7%D8%B9_%D8%A7%D9%84%D8%B7%D8%A7%D9%82%D8%A9_%D8%A7%D9%84%D9%89_%D9%85%D9%88%D9%81%D9%89_%D8%B3%D8%A8%D8%AA%D9%85%D8%A8%D8%B1_2023.pdf,unchanged,sha256 match 73a8a21accd50e55,2026-06-25T19:58:11Z
https://www.energiemines.gov.tn/fileadmin/docs-u1/%D9%88%D8%B6%D8%B9_%D9%82%D8%B7%D8%A7%D8%B9_%D8%A7%D9%84%D8%B7%D8%A7%D9%82%D8%A9_%D8%A7%D9%84%D9%89_%D9%85%D9%88%D9%81%D9%89_%D9%86%D9%88%D9%81%D9%85%D8%A8%D8%B1_2023.pdf,unchanged,sha256 match 5a831672ca093cc6,2026-06-25T19:58:13Z
https://www.energiemines.gov.tn/fileadmin/docs-u1/%D9%88%D8%B6%D8%B9_%D9%82%D8%B7%D8%A7%D8%B9_%D8%A7%D9%84%D8%B7%D8%A7%D9%82%D8%A9_%D8%AE%D9%84%D8%A7%D9%84_%D8%A3%D9%81%D8%B1%D9%8A%D9%84_2024.pdf,unchanged,sha256 match fbb6f1024ddffe90,2026-06-25T19:58:15Z
https://www.energiemines.gov.tn/fileadmin/docs-u1/%D9%88%D8%B6%D8%B9_%D9%82%D8%B7%D8%A7%D8%B9_%D8%A7%D9%84%D8%B7%D8%A7%D9%82%D8%A9_%D8%AE%D9%84%D8%A7%D9%84_%D8%AC%D8%A7%D9%86%D9%81%D9%8A__2024.pdf,unchanged,sha256 match e4ee2c3fddb4c0dc,2026-06-25T19:58:17Z
https://www.energiemines.gov.tn/fileadmin/docs-u1/%D9%88%D8%B6%D8%B9_%D9%82%D8%B7%D8%A7%D8%B9_%D8%A7%D9%84%D8%B7%D8%A7%D9%82%D8%A9_%D8%AE%D9%84%D8%A7%D9%84_%D8%AC%D9%88%D8%A7%D9%86_2024.pdf,unchanged,sha256 match efa805b1e258b2e4,2026-06-25T19:58:19Z
https://www.energiemines.gov.tn/fileadmin/docs-u1/%D9%88%D8%B6%D8%B9_%D9%82%D8%B7%D8%A7%D8%B9_%D8%A7%D9%84%D8%B7%D8%A7%D9%82%D8%A9_%D8%AE%D9%84%D8%A7%D9%84_%D8%B3%D9%86%D8%A9_2023_%D9%85%D8%AD%D9%8A%D9%86%D8%A9.pdf,unchanged,sha256 match c5cc21c0c6f31d61,2026-06-25T19:58:21Z
https://www.energiemines.gov.tn/fileadmin/docs-u1/%D9%88%D8%B6%D8%B9_%D9%82%D8%B7%D8%A7%D8%B9_%D8%A7%D9%84%D8%B7%D8%A7%D9%82%D8%A9_%D8%AE%D9%84%D8%A7%D9%84_%D9%85%D8%A7%D8%B1%D8%B3_2024.pdf,unchanged,sha256 match eba241ace8b79e8c,2026-06-25T19:58:23Z
https://www.energiemines.gov.tn/fileadmin/docs-u1/%D9%88%D8%B6%D8%B9_%D9%82%D8%B7%D8%A7%D8%B9_%D8%A7%D9%84%D8%B7%D8%A7%D9%82%D8%A9_%D8%AE%D9%84%D8%A7%D9%84_%D9%85%D8%A7%D9%8A_2024.pdf,unchanged,sha256 match 2c801f18b832e711,2026-06-25T19:58:25Z
https://www.energiemines.gov.tn/fileadmin/docs-u1/%D9%88%D8%B6%D8%B9_%D9%82%D8%B7%D8%A7%D8%B9_%D8%A7%D9%84%D8%B7%D8%A7%D9%82%D8%A9_%D8%AE%D9%84%D8%A7%D9%84__%D8%A3%D9%81%D8%B1%D9%8A%D9%84_2026.pdf,unchanged,sha256 match fef1b69613740308,2026-06-25T19:58:26Z
https://www.energiemines.gov.tn/fileadmin/docs-u1/%D9%88%D8%B6%D8%B9_%D9%82%D8%B7%D8%A7%D8%B9_%D8%A7%D9%84%D8%B7%D8%A7%D9%82%D8%A9_%D8%AE%D9%84%D8%A7%D9%84__%D8%A3%D9%83%D8%AA%D9%88%D8%A8%D8%B1_2024.pdf,unchanged,sha256 match ed03ba58a86470b4,2026-06-25T19:58:28Z
https://www.energiemines.gov.tn/fileadmin/docs-u1/%D9%88%D8%B6%D8%B9_%D9%82%D8%B7%D8%A7%D8%B9_%D8%A7%D9%84%D8%B7%D8%A7%D9%82%D8%A9_%D8%AE%D9%84%D8%A7%D9%84__%D8%A3%D9%88%D8%AA_2024.pdf,unchanged,sha256 match 2f87b0ef4f6c774e,2026-06-25T19:58:30Z
https://www.energiemines.gov.tn/fileadmin/docs-u1/%D9%88%D8%B6%D8%B9_%D9%82%D8%B7%D8%A7%D8%B9_%D8%A7%D9%84%D8%B7%D8%A7%D9%82%D8%A9_%D8%AE%D9%84%D8%A7%D9%84__%D8%AC%D8%A7%D9%86%D9%81%D9%8A__2025.pdf,unchanged,sha256 match 3f37b39d5cf23cfa,2026-06-25T19:58:32Z
https://www.energiemines.gov.tn/fileadmin/docs-u1/%D9%88%D8%B6%D8%B9_%D9%82%D8%B7%D8%A7%D8%B9_%D8%A7%D9%84%D8%B7%D8%A7%D9%82%D8%A9_%D8%AE%D9%84%D8%A7%D9%84__%D8%AC%D8%A7%D9%86%D9%81%D9%8A__2026.pdf,unchanged,sha256 match efd9b5f8077420cc,2026-06-25T19:58:34Z
https://www.energiemines.gov.tn/fileadmin/docs-u1/%D9%88%D8%B6%D8%B9_%D9%82%D8%B7%D8%A7%D8%B9_%D8%A7%D9%84%D8%B7%D8%A7%D9%82%D8%A9_%D8%AE%D9%84%D8%A7%D9%84__%D8%AC%D9%88%D9%8A%D9%84%D9%8A%D8%A9_2024.pdf,unchanged,sha256 match 9a32fcbe344abcf7,2026-06-25T19:58:36Z
https://www.energiemines.gov.tn/fileadmin/docs-u1/%D9%88%D8%B6%D8%B9_%D9%82%D8%B7%D8%A7%D8%B9_%D8%A7%D9%84%D8%B7%D8%A7%D9%82%D8%A9_%D8%AE%D9%84%D8%A7%D9%84__%D8%B3%D8%A8%D8%AA%D9%85%D8%A8%D8%B1_2024.pdf,unchanged,sha256 match 3535b95390dce2e0,2026-06-25T19:58:38Z
https://www.energiemines.gov.tn/fileadmin/docs-u1/%D9%88%D8%B6%D8%B9_%D9%82%D8%B7%D8%A7%D8%B9_%D8%A7%D9%84%D8%B7%D8%A7%D9%82%D8%A9_%D8%AE%D9%84%D8%A7%D9%84__%D8%B3%D9%86%D8%A9_2024.pdf,unchanged,sha256 match 8677efba4b3b2539,2026-06-25T19:58:40Z
https://www.energiemines.gov.tn/fileadmin/docs-u1/%D9%88%D8%B6%D8%B9_%D9%82%D8%B7%D8%A7%D8%B9_%D8%A7%D9%84%D8%B7%D8%A7%D9%82%D8%A9_%D8%AE%D9%84%D8%A7%D9%84__%D9%81%D9%8A%D9%81%D8%B1%D9%8A_2026.pdf,unchanged,sha256 match 61d0d464fcc6c8bd,2026-06-25T19:58:42Z
https://www.energiemines.gov.tn/fileadmin/docs-u1/%D9%88%D8%B6%D8%B9_%D9%82%D8%B7%D8%A7%D8%B9_%D8%A7%D9%84%D8%B7%D8%A7%D9%82%D8%A9_%D8%AE%D9%84%D8%A7%D9%84__%D9%85%D8%A7%D8%B1%D8%B3_2026.pdf,unchanged,sha256 match 7b9fe4a07d637124,2026-06-25T19:58:44Z
https://www.energiemines.gov.tn/fileadmin/docs-u1/%D9%88%D8%B6%D8%B9_%D9%82%D8%B7%D8%A7%D8%B9_%D8%A7%D9%84%D8%B7%D8%A7%D9%82%D8%A9_%D8%AE%D9%84%D8%A7%D9%84__%D9%86%D9%88%D9%81%D9%85%D8%A8%D8%B1_2024.pdf,unchanged,sha256 match 3125cd5bb0b0bb79,2026-06-25T19:58:45Z
https://www.energiemines.gov.tn/fileadmin/docs-u1/Bilan_National_de_2010.pdf,unchanged,sha256 match 9d36508ce87eee66,2026-06-25T19:58:47Z
https://www.energiemines.gov.tn/fileadmin/docs-u1/Bilan_National_de_2011.pdf,unchanged,sha256 match 696f57c0b02b4e54,2026-06-25T19:58:49Z
https://www.energiemines.gov.tn/fileadmin/docs-u1/Bilan_National_de_2012.pdf,unchanged,sha256 match ca713bc3af065241,2026-06-25T19:58:50Z
https://www.energiemines.gov.tn/fileadmin/docs-u1/Bilan_National_de_2013.pdf,unchanged,sha256 match 14102f464274f0f0,2026-06-25T19:58:51Z
https://www.energiemines.gov.tn/fileadmin/docs-u1/Bilan_National_de_l_Energie_2015.pdf,unchanged,sha256 match ff8db52190900a02,2026-06-25T19:58:53Z
https://www.energiemines.gov.tn/fileadmin/docs-u1/Bilan_National_de_l_Energie_2016.pdf,unchanged,sha256 match 07c0add9c1dc0353,2026-06-25T19:58:54Z
https://www.energiemines.gov.tn/fileadmin/docs-u1/Bilan_National_de_l_Energie_2017.pdf,unchanged,sha256 match 38304143fa37b518,2026-06-25T19:58:56Z
https://www.energiemines.gov.tn/fileadmin/docs-u1/Bilan_National_de_l_Energie_2018.pdf,unchanged,sha256 match f87aaa7432a49bb7,2026-06-25T19:58:58Z
https://www.energiemines.gov.tn/fileadmin/docs-u1/Bilan_National_de_l_Energie_2019.pdf,unchanged,sha256 match 8be025a9e26868d2,2026-06-25T19:58:59Z
https://www.energiemines.gov.tn/fileadmin/docs-u1/Bilan_National_de_l_Energie_2020___V_10-203_.pdf,unchanged,sha256 match dec7064507c084bb,2026-06-25T19:59:01Z
https://www.energiemines.gov.tn/fileadmin/docs-u1/Bilan_National_de_l_Energie_2021___V_10-2023_.pdf,unchanged,sha256 match 9a6123813ce7b074,2026-06-25T19:59:02Z
https://www.energiemines.gov.tn/fileadmin/docs-u1/Bilan_National_de_l_Energie_2022.pdf,unchanged,sha256 match 8d408eb7e771e6bc,2026-06-25T19:59:04Z
https://www.energiemines.gov.tn/fileadmin/docs-u1/Bilan_National_de_l_Energie_2023.pdf,unchanged,sha256 match 99ec16bb8ba2ae57,2026-06-25T19:59:05Z
https://www.energiemines.gov.tn/fileadmin/docs-u1/Bilan_National_de_l_Energie_2024.pdf,unchanged,sha256 match b3336f6f6cb425b6,2026-06-25T19:59:08Z
https://www.energiemines.gov.tn/fileadmin/docs-u1/Bilan_national_de_l_%C3%A9nergie_ann%C3%A9e_2014.pdf,unchanged,sha256 match 49b54bd3452521ff,2026-06-25T19:59:09Z
https://www.energiemines.gov.tn/fileadmin/docs-u1/Bulletin_juin_2020_Covid_19-Energie_Ar.pdf,unchanged,sha256 match b8312f7c34f1e67f,2026-06-25T19:59:11Z
https://www.energiemines.gov.tn/fileadmin/docs-u1/Bulletin_juin_2020_covid_19-_Energie_Fr.pdf,unchanged,sha256 match bdf0c43f62915cb8,2026-06-25T19:59:12Z
https://www.energiemines.gov.tn/fileadmin/docs-u1/Bulletin_mai_2020_covid_19-_Energie__Ar_.pdf,unchanged,sha256 match de77fe2a6ac29e5d,2026-06-25T19:59:13Z
https://www.energiemines.gov.tn/fileadmin/docs-u1/Bulletin_mai_2020_covid_19-_Energie__fr_.pdf,unchanged,sha256 match fe8b0b461cb3214b,2026-06-25T19:59:14Z
https://www.energiemines.gov.tn/fileadmin/docs-u1/Chiffres_cl%C3%A9s_%C3%A9nergie2020.Ar.pdf,unchanged,sha256 match 40a0053d69d2e0ec,2026-06-25T19:59:16Z
https://www.energiemines.gov.tn/fileadmin/docs-u1/Chiffres_cl%C3%A9s_%C3%A9nergie2020.Fr.pdf,unchanged,sha256 match b5f998f00dd2d0a1,2026-06-25T19:59:17Z
https://www.energiemines.gov.tn/fileadmin/docs-u1/Chiffres_cl%C3%A9s_%C3%A9nergie2021.Ar.pdf,unchanged,sha256 match 9422b12a3a168164,2026-06-25T19:59:19Z
https://www.energiemines.gov.tn/fileadmin/docs-u1/Chiffres_cl%C3%A9s_%C3%A9nergie2021.Fr.pdf,unchanged,sha256 match dd47cdb21cd71b24,2026-06-25T19:59:21Z
https://www.energiemines.gov.tn/fileadmin/docs-u1/Chiffres_cl%C3%A9s_%C3%A9nergie2022.Ar.pdf,unchanged,sha256 match 911f702c2c08200a,2026-06-25T19:59:23Z
https://www.energiemines.gov.tn/fileadmin/docs-u1/Chiffres_cl%C3%A9s_%C3%A9nergie2022.Fr.pdf,unchanged,sha256 match f36054d812ed9319,2026-06-25T19:59:24Z
https://www.energiemines.gov.tn/fileadmin/docs-u1/Chiffres_cl%C3%A9s_%C3%A9nergie2023.Ar.pdf,unchanged,sha256 match 18a1286166bee64d,2026-06-25T19:59:26Z
https://www.energiemines.gov.tn/fileadmin/docs-u1/Chiffres_cl%C3%A9s_%C3%A9nergie2023.Fr.pdf,unchanged,sha256 match 8460c31a99fc4106,2026-06-25T19:59:28Z
https://www.energiemines.gov.tn/fileadmin/docs-u1/Chiffres_cl%C3%A9s_%C3%A9nergie_2019__Ar_.pdf,unchanged,sha256 match b2ebaeb4c7ae5116,2026-06-25T19:59:30Z
https://www.energiemines.gov.tn/fileadmin/docs-u1/Chiffres_cl%C3%A9s_%C3%A9nergie_2024.pdf,unchanged,sha256 match 76a0a8de628bc209,2026-06-25T19:59:31Z
https://www.energiemines.gov.tn/fileadmin/docs-u1/Chiffres_cl%C3%A9s_2014.pdf,unchanged,sha256 match 99559b310ddf1ea2,2026-06-25T19:59:33Z
https://www.energiemines.gov.tn/fileadmin/docs-u1/Chiffres_cles_energie_2018._Ar.pdf,unchanged,sha256 match 4d5549e3c92951c6,2026-06-25T19:59:35Z
https://www.energiemines.gov.tn/fileadmin/docs-u1/Conjoncture_%C3%A9nerg%C3%A9tique_%C3%A0_fin__juillet_2025.pdf,unchanged,sha256 match 20acf2aa0e11005a,2026-06-25T19:59:37Z
https://www.energiemines.gov.tn/fileadmin/docs-u1/Conjoncture_%C3%A9nerg%C3%A9tique_%C3%A0_fin_d%C3%A9cembre_2024.pdf,unchanged,sha256 match 199550575545ee67,2026-06-25T19:59:39Z
https://www.energiemines.gov.tn/fileadmin/docs-u1/Conjoncture_%C3%A9nerg%C3%A9tique_%C3%A0_fin_novembre_2024.pdf,unchanged,sha256 match 8a4a500d343eede8,2026-06-25T19:59:41Z
https://www.energiemines.gov.tn/fileadmin/docs-u1/Conjoncture_%C3%A9nerg%C3%A9tique_%C3%A0_fin_octobre_2024.pdf,unchanged,sha256 match c539a1a0d2c96338,2026-06-25T19:59:43Z
https://www.energiemines.gov.tn/fileadmin/docs-u1/Conjoncture_%C3%A9nerg%C3%A9tique_%C3%A0_fin_septembre_2024.pdf,unchanged,sha256 match e16cb84d55610866,2026-06-25T19:59:44Z
https://www.energiemines.gov.tn/fileadmin/docs-u1/Conjoncture_%C3%A9nerg%C3%A9tique_Ao%C3%BBt__2024.pdf,unchanged,sha256 match d788adfc2c8571bf,2026-06-25T19:59:46Z
https://www.energiemines.gov.tn/fileadmin/docs-u1/Conjoncture_%C3%A9nerg%C3%A9tique_Janvier_2021_Ar_resum%C3%A9_vf.pdf,unchanged,sha256 match 52e1f35b06a5bef5,2026-06-25T19:59:49Z
https://www.energiemines.gov.tn/fileadmin/docs-u1/Conjoncture_%C3%A9nerg%C3%A9tique_Janvier_2021_Fr_vf.pdf,unchanged,sha256 match 8e575d8452425f42,2026-06-25T19:59:50Z
https://www.energiemines.gov.tn/fileadmin/docs-u1/Conjoncture_%C3%A9nerg%C3%A9tique_Janvier_2022_Ar.pdf,unchanged,sha256 match 54139c64b96d5473,2026-06-25T19:59:52Z
https://www.energiemines.gov.tn/fileadmin/docs-u1/Conjoncture_%C3%A9nerg%C3%A9tique_Janvier_2022_Fr.pdf,unchanged,sha256 match b0da8a8198df4563,2026-06-25T19:59:54Z
https://www.energiemines.gov.tn/fileadmin/docs-u1/Conjoncture_%C3%A9nerg%C3%A9tique_Juillet__2023.pdf,unchanged,sha256 match e38c6bf65d3ddf6a,2026-06-25T19:59:56Z
https://www.energiemines.gov.tn/fileadmin/docs-u1/Conjoncture_%C3%A9nerg%C3%A9tique_Mars_2020.pdf,unchanged,sha256 match e3e3f43e2e08a38c,2026-06-25T19:59:57Z
https://www.energiemines.gov.tn/fileadmin/docs-u1/Conjoncture_%C3%A9nerg%C3%A9tique_Octobre_2023.pdf,unchanged,sha256 match ac1ad6dbe0938de0,2026-06-25T19:59:59Z
https://www.energiemines.gov.tn/fileadmin/docs-u1/Conjoncture_%C3%A9nerg%C3%A9tique__ao%C3%BBt__2025.pdf,unchanged,sha256 match ac2940b6f8d2ad3d,2026-06-25T20:00:01Z
https://www.energiemines.gov.tn/fileadmin/docs-u1/Conjoncture_%C3%A9nerg%C3%A9tique__aout_2022-Ar-_Resum%C3%A9.pdf,unchanged,sha256 match 12be3b422c45083d,2026-06-25T20:00:03Z
https://www.energiemines.gov.tn/fileadmin/docs-u1/Conjoncture_%C3%A9nerg%C3%A9tique__avril_2022-Ar-_Resum%C3%A9.pdf,unchanged,sha256 match f043f15fbff54714,2026-06-25T20:00:05Z
https://www.energiemines.gov.tn/fileadmin/docs-u1/Conjoncture_%C3%A9nerg%C3%A9tique__avril_2022-Fr.pdf,unchanged,sha256 match f6dc25e41e693da5,2026-06-25T20:00:07Z
https://www.energiemines.gov.tn/fileadmin/docs-u1/Conjoncture_%C3%A9nerg%C3%A9tique__avril_2026.pdf,unchanged,sha256 match 4c91195f11fc4e5a,2026-06-25T20:00:09Z
https://www.energiemines.gov.tn/fileadmin/docs-u1/Conjoncture_%C3%A9nerg%C3%A9tique__d%C3%A9cembre_2025.pdf,unchanged,sha256 match 9a736ea9a6fca085,2026-06-25T20:00:11Z
https://www.energiemines.gov.tn/fileadmin/docs-u1/Conjoncture_%C3%A9nerg%C3%A9tique__f%C3%A9vrier_2026.pdf,unchanged,sha256 match 2718a2120197b86b,2026-06-25T20:00:13Z
https://www.energiemines.gov.tn/fileadmin/docs-u1/Conjoncture_%C3%A9nerg%C3%A9tique__janvier_2026.pdf,unchanged,sha256 match 2b32b8a7773e2234,2026-06-25T20:00:15Z
https://www.energiemines.gov.tn/fileadmin/docs-u1/Conjoncture_%C3%A9nerg%C3%A9tique__juillet_2022-Ar-_Resum%C3%A9.pdf,unchanged,sha256 match 9b69d18ef63ae345,2026-06-25T20:00:17Z
https://www.energiemines.gov.tn/fileadmin/docs-u1/Conjoncture_%C3%A9nerg%C3%A9tique__juin_2025.pdf,unchanged,sha256 match de9ced78d594e9bd,2026-06-25T20:00:19Z
https://www.energiemines.gov.tn/fileadmin/docs-u1/Conjoncture_%C3%A9nerg%C3%A9tique__mai_2025.pdf,unchanged,sha256 match 9cdec53d695240c5,2026-06-25T20:00:21Z
https://www.energiemines.gov.tn/fileadmin/docs-u1/Conjoncture_%C3%A9nerg%C3%A9tique__mars_2022-Ar-_Resum%C3%A9.pdf,unchanged,sha256 match 69d1c34d561e1b17,2026-06-25T20:00:23Z
https://www.energiemines.gov.tn/fileadmin/docs-u1/Conjoncture_%C3%A9nerg%C3%A9tique__mars_2026.pdf,unchanged,sha256 match 5dda205d3040a061,2026-06-25T20:00:24Z
https://www.energiemines.gov.tn/fileadmin/docs-u1/Conjoncture_%C3%A9nerg%C3%A9tique__novembre_2025.pdf,unchanged,sha256 match 5f1fc58d2863eee8,2026-06-25T20:00:27Z
https://www.energiemines.gov.tn/fileadmin/docs-u1/Conjoncture_%C3%A9nerg%C3%A9tique__octobre_2025.pdf,unchanged,sha256 match 5c79984c14c73428,2026-06-25T20:00:29Z
https://www.energiemines.gov.tn/fileadmin/docs-u1/Conjoncture_%C3%A9nerg%C3%A9tique__septembre_2025.pdf,unchanged,sha256 match e2d7a8d9a766c894,2026-06-25T20:00:31Z
https://www.energiemines.gov.tn/fileadmin/docs-u1/Conjoncture_%C3%A9nerg%C3%A9tique_ao%C3%BBt_2020_Ar.pdf,unchanged,sha256 match 9fcf64e6d00d98cc,2026-06-25T20:00:33Z
https://www.energiemines.gov.tn/fileadmin/docs-u1/Conjoncture_%C3%A9nerg%C3%A9tique_ao%C3%BBt_2020_FR.pdf,unchanged,sha256 match 6067449d2fb89797,2026-06-25T20:00:35Z
https://www.energiemines.gov.tn/fileadmin/docs-u1/Conjoncture_%C3%A9nerg%C3%A9tique_ao%C3%BBt_2021_Fr.pdf,unchanged,sha256 match 18e86813f4417988,2026-06-25T20:00:37Z
https://www.energiemines.gov.tn/fileadmin/docs-u1/Conjoncture_%C3%A9nerg%C3%A9tique_ao%C3%BBt_2021_Resum%C3%A9_Ar.pdf,unchanged,sha256 match 44454d2c40bad93c,2026-06-25T20:00:38Z
https://www.energiemines.gov.tn/fileadmin/docs-u1/Conjoncture_%C3%A9nerg%C3%A9tique_aout_2022-version_Fr.pdf,unchanged,sha256 match 6825d5181c6ffed8,2026-06-25T20:00:40Z
https://www.energiemines.gov.tn/fileadmin/docs-u1/Conjoncture_%C3%A9nerg%C3%A9tique_aout_2023.pdf,unchanged,sha256 match 1f3dd63d9b27a175,2026-06-25T20:00:41Z
https://www.energiemines.gov.tn/fileadmin/docs-u1/Conjoncture_%C3%A9nerg%C3%A9tique_avril_2020.pdf,unchanged,sha256 match 6d362534b37978f9,2026-06-25T20:00:43Z
https://www.energiemines.gov.tn/fileadmin/docs-u1/Conjoncture_%C3%A9nerg%C3%A9tique_avril_2021_Ar_resum%C3%A9.vf.pdf,unchanged,sha256 match 02a865a51e791781,2026-06-25T20:00:45Z
https://www.energiemines.gov.tn/fileadmin/docs-u1/Conjoncture_%C3%A9nerg%C3%A9tique_avril_2021_Fr.vf.pdf,unchanged,sha256 match e57f3007bac22cf5,2026-06-25T20:00:47Z
https://www.energiemines.gov.tn/fileadmin/docs-u1/Conjoncture_%C3%A9nerg%C3%A9tique_avril_2023-version_Fr.pdf,unchanged,sha256 match 9b951d5252b52ee1,2026-06-25T20:00:48Z
https://www.energiemines.gov.tn/fileadmin/docs-u1/Conjoncture_%C3%A9nerg%C3%A9tique_avril_2024.pdf,unchanged,sha256 match 94527d201304d5ec,2026-06-25T20:00:50Z
https://www.energiemines.gov.tn/fileadmin/docs-u1/Conjoncture_%C3%A9nerg%C3%A9tique_avril_2025.pdf,unchanged,sha256 match b733c24df369eb81,2026-06-25T20:00:52Z
https://www.energiemines.gov.tn/fileadmin/docs-u1/Conjoncture_%C3%A9nerg%C3%A9tique_avril__2023-resum%C3%A9_Ar.pdf,unchanged,sha256 match 68b29fd6ddac1b21,2026-06-25T20:00:54Z
https://www.energiemines.gov.tn/fileadmin/docs-u1/Conjoncture_%C3%A9nerg%C3%A9tique_d%C3%A9cembre_2019_.pdf,unchanged,sha256 match 0c987b0476c899c5,2026-06-25T20:00:55Z
https://www.energiemines.gov.tn/fileadmin/docs-u1/Conjoncture_%C3%A9nerg%C3%A9tique_d%C3%A9cembre_2020_Fr_.pdf,unchanged,sha256 match 4a0a7851c1175b22,2026-06-25T20:00:57Z
https://www.energiemines.gov.tn/fileadmin/docs-u1/Conjoncture_%C3%A9nerg%C3%A9tique_d%C3%A9cembre_2020_resum%C3%A9_Ar_.pdf,unchanged,sha256 match 4ba36f3640a61556,2026-06-25T20:00:59Z
https://www.energiemines.gov.tn/fileadmin/docs-u1/Conjoncture_%C3%A9nerg%C3%A9tique_d%C3%A9cembre_2021_Fr_VF.pdf,unchanged,sha256 match 8ed13e807d69c29f,2026-06-25T20:01:00Z
https://www.energiemines.gov.tn/fileadmin/docs-u1/Conjoncture_%C3%A9nerg%C3%A9tique_d%C3%A9cembre_2021_R%C3%A9sum%C3%A9_Ar_VF.pdf,unchanged,sha256 match d14dab88629960bc,2026-06-25T20:01:01Z
https://www.energiemines.gov.tn/fileadmin/docs-u1/Conjoncture_%C3%A9nerg%C3%A9tique_d%C3%A9cembre_2022__VF-2024_.pdf,unchanged,sha256 match a5cb5df4bee0f020,2026-06-25T20:01:04Z
https://www.energiemines.gov.tn/fileadmin/docs-u1/Conjoncture_%C3%A9nerg%C3%A9tique_d%C3%A9cembre_2023___v_2024_.pdf,unchanged,sha256 match fa6f3b8efb0aaa05,2026-06-25T20:01:05Z
https://www.energiemines.gov.tn/fileadmin/docs-u1/Conjoncture_%C3%A9nerg%C3%A9tique_f%C3%A9vrier_2021_Resum%C3%A9_Ar.pdf,unchanged,sha256 match 04be23371c6f2afe,2026-06-25T20:01:07Z
https://www.energiemines.gov.tn/fileadmin/docs-u1/Conjoncture_%C3%A9nerg%C3%A9tique_f%C3%A9vrier_2021_fr.pdf,unchanged,sha256 match e75a7b6b4fb863f5,2026-06-25T20:01:09Z
https://www.energiemines.gov.tn/fileadmin/docs-u1/Conjoncture_%C3%A9nerg%C3%A9tique_f%C3%A9vrier_2022-Ar-_Resum%C3%A9.pdf,unchanged,sha256 match 5df638fef12c750c,2026-06-25T20:01:11Z
https://www.energiemines.gov.tn/fileadmin/docs-u1/Conjoncture_%C3%A9nerg%C3%A9tique_f%C3%A9vrier_2022-Fr.pdf,unchanged,sha256 match 927184c4ec5c0424,2026-06-25T20:01:12Z
https://www.energiemines.gov.tn/fileadmin/docs-u1/Conjoncture_%C3%A9nerg%C3%A9tique_f%C3%A9vrier_2023-r%C3%A9sum%C3%A9_AR.pdf,unchanged,sha256 match b96ef318dc70e1af,2026-06-25T20:01:13Z
https://www.energiemines.gov.tn/fileadmin/docs-u1/Conjoncture_%C3%A9nerg%C3%A9tique_f%C3%A9vrier_2023__06-2023_.pdf,unchanged,sha256 match 1e6b042216672514,2026-06-25T20:01:15Z
https://www.energiemines.gov.tn/fileadmin/docs-u1/Conjoncture_%C3%A9nerg%C3%A9tique_f%C3%A9vrier_2024.pdf,unchanged,sha256 match d4e1b8e1e4ea4941,2026-06-25T20:01:17Z
https://www.energiemines.gov.tn/fileadmin/docs-u1/Conjoncture_%C3%A9nerg%C3%A9tique_f%C3%A9vrier_2025.pdf,unchanged,sha256 match c2b230559c963aed,2026-06-25T20:01:19Z
https://www.energiemines.gov.tn/fileadmin/docs-u1/Conjoncture_%C3%A9nerg%C3%A9tique_fin_f%C3%A9vrier_2024-_version_arabe.pdf,unchanged,sha256 match cd3c4363bd5fc464,2026-06-25T20:01:21Z
https://www.energiemines.gov.tn/fileadmin/docs-u1/Conjoncture_%C3%A9nerg%C3%A9tique_janvier_2020.pdf,unchanged,sha256 match b64644ae7613f920,2026-06-25T20:01:23Z
https://www.energiemines.gov.tn/fileadmin/docs-u1/Conjoncture_%C3%A9nerg%C3%A9tique_janvier_2023-resum%C3%A9_Ar.pdf,unchanged,sha256 match 13ccf8f25a4b12c1,2026-06-25T20:01:24Z
https://www.energiemines.gov.tn/fileadmin/docs-u1/Conjoncture_%C3%A9nerg%C3%A9tique_janvier_2023-version_Fr__06-2023_.pdf,unchanged,sha256 match 8c7a718671876968,2026-06-25T20:01:26Z
https://www.energiemines.gov.tn/fileadmin/docs-u1/Conjoncture_%C3%A9nerg%C3%A9tique_janvier_2024.pdf,unchanged,sha256 match f009a35a42b2366f,2026-06-25T20:01:28Z
https://www.energiemines.gov.tn/fileadmin/docs-u1/Conjoncture_%C3%A9nerg%C3%A9tique_janvier_2025.pdf,unchanged,sha256 match 35a2f4d42c43dc34,2026-06-25T20:01:30Z
https://www.energiemines.gov.tn/fileadmin/docs-u1/Conjoncture_%C3%A9nerg%C3%A9tique_juillet_2020.pdf,unchanged,sha256 match 09031aee935a01f1,2026-06-25T20:01:31Z
https://www.energiemines.gov.tn/fileadmin/docs-u1/Conjoncture_%C3%A9nerg%C3%A9tique_juillet_2020__Ar_.pdf,unchanged,sha256 match 3812fee7bfff2821,2026-06-25T20:01:33Z
https://www.energiemines.gov.tn/fileadmin/docs-u1/Conjoncture_%C3%A9nerg%C3%A9tique_juillet_2021_Fr.pdf,unchanged,sha256 match 0d0885708e7793df,2026-06-25T20:01:34Z
https://www.energiemines.gov.tn/fileadmin/docs-u1/Conjoncture_%C3%A9nerg%C3%A9tique_juillet_2021_resum%C3%A9_Ar.pdf,unchanged,sha256 match e2f9bdf06c9ef05a,2026-06-25T20:01:36Z
https://www.energiemines.gov.tn/fileadmin/docs-u1/Conjoncture_%C3%A9nerg%C3%A9tique_juillet_2022-version_Fr.pdf,unchanged,sha256 match 0448a3fa1f6beb2a,2026-06-25T20:01:38Z
https://www.energiemines.gov.tn/fileadmin/docs-u1/Conjoncture_%C3%A9nerg%C3%A9tique_juillet_2024.pdf,unchanged,sha256 match 382a31ed2d09875a,2026-06-25T20:01:40Z
https://www.energiemines.gov.tn/fileadmin/docs-u1/Conjoncture_%C3%A9nerg%C3%A9tique_juin_2020.pdf,unchanged,sha256 match 564ca3b3e2db656d,2026-06-25T20:01:42Z
https://www.energiemines.gov.tn/fileadmin/docs-u1/Conjoncture_%C3%A9nerg%C3%A9tique_juin_2020__Ar_.pdf,unchanged,sha256 match 91705be8923b6ef3,2026-06-25T20:01:43Z
https://www.energiemines.gov.tn/fileadmin/docs-u1/Conjoncture_%C3%A9nerg%C3%A9tique_juin_2021.Fr.pdf,unchanged,sha256 match f53971775206f3ed,2026-06-25T20:01:45Z
https://www.energiemines.gov.tn/fileadmin/docs-u1/Conjoncture_%C3%A9nerg%C3%A9tique_juin_2021.R%C3%A9sum%C3%A9_Ar.pdf,unchanged,sha256 match e452a34fada75b67,2026-06-25T20:01:46Z
https://www.energiemines.gov.tn/fileadmin/docs-u1/Conjoncture_%C3%A9nerg%C3%A9tique_juin_2022-R%C3%A9sum%C3%A9_Ar.pdf,unchanged,sha256 match 795e1637e32ce1bf,2026-06-25T20:01:48Z
https://www.energiemines.gov.tn/fileadmin/docs-u1/Conjoncture_%C3%A9nerg%C3%A9tique_juin_2022-version_Fr.pdf,unchanged,sha256 match 4eb204088b4f3538,2026-06-25T20:01:50Z
https://www.energiemines.gov.tn/fileadmin/docs-u1/Conjoncture_%C3%A9nerg%C3%A9tique_juin_2023-resum%C3%A9_Ar.pdf,unchanged,sha256 match 646a03d49b4ab6a6,2026-06-25T20:01:52Z
https://www.energiemines.gov.tn/fileadmin/docs-u1/Conjoncture_%C3%A9nerg%C3%A9tique_juin_2023-version_Fr.pdf,unchanged,sha256 match 820119369c31f21e,2026-06-25T20:01:54Z
https://www.energiemines.gov.tn/fileadmin/docs-u1/Conjoncture_%C3%A9nerg%C3%A9tique_juin_2024.pdf,unchanged,sha256 match ebbe341cd7caecec,2026-06-25T20:01:56Z
https://www.energiemines.gov.tn/fileadmin/docs-u1/Conjoncture_%C3%A9nerg%C3%A9tique_mai_2020.pdf,unchanged,sha256 match ef4f39713f517273,2026-06-25T20:01:58Z
https://www.energiemines.gov.tn/fileadmin/docs-u1/Conjoncture_%C3%A9nerg%C3%A9tique_mai_2021-_Ar_resum%C3%A9.pdf,unchanged,sha256 match eb448dddb0a84f10,2026-06-25T20:01:59Z
https://www.energiemines.gov.tn/fileadmin/docs-u1/Conjoncture_%C3%A9nerg%C3%A9tique_mai_2021-_Fr.pdf,unchanged,sha256 match 7181b735e2d2b4c1,2026-06-25T20:02:01Z
https://www.energiemines.gov.tn/fileadmin/docs-u1/Conjoncture_%C3%A9nerg%C3%A9tique_mai_2022-R%C3%A9sum%C3%A9_Ar_updated.pdf,unchanged,sha256 match ee210d3105e4b628,2026-06-25T20:02:03Z
https://www.energiemines.gov.tn/fileadmin/docs-u1/Conjoncture_%C3%A9nerg%C3%A9tique_mai_2022-version_Fr_updated.pdf,unchanged,sha256 match aa1f0d62aec65162,2026-06-25T20:02:04Z
https://www.energiemines.gov.tn/fileadmin/docs-u1/Conjoncture_%C3%A9nerg%C3%A9tique_mai_2023-resum%C3%A9_Ar.pdf,unchanged,sha256 match c46d8a0af511bdc6,2026-06-25T20:02:06Z
https://www.energiemines.gov.tn/fileadmin/docs-u1/Conjoncture_%C3%A9nerg%C3%A9tique_mai_2023-version_Fr.pdf,unchanged,sha256 match 4da4ae61ec5abc84,2026-06-25T20:02:08Z
https://www.energiemines.gov.tn/fileadmin/docs-u1/Conjoncture_%C3%A9nerg%C3%A9tique_mai_2024.pdf,unchanged,sha256 match 6fa801edd6cbf06b,2026-06-25T20:02:10Z
https://www.energiemines.gov.tn/fileadmin/docs-u1/Conjoncture_%C3%A9nerg%C3%A9tique_mars_2021_Fr.vf.pdf,unchanged,sha256 match e14cf97f771787bd,2026-06-25T20:02:12Z
https://www.energiemines.gov.tn/fileadmin/docs-u1/Conjoncture_%C3%A9nerg%C3%A9tique_mars_2021_R%C3%A9sum%C3%A9_Ar.vf.pdf,unchanged,sha256 match 41597389fe5d263d,2026-06-25T20:02:14Z
https://www.energiemines.gov.tn/fileadmin/docs-u1/Conjoncture_%C3%A9nerg%C3%A9tique_mars_2022-Fr.pdf,unchanged,sha256 match 106fbd79758e5620,2026-06-25T20:02:15Z
https://www.energiemines.gov.tn/fileadmin/docs-u1/Conjoncture_%C3%A9nerg%C3%A9tique_mars_2023-resum%C3%A9_Ar__06-2023_.pdf,unchanged,sha256 match a37c477135a27fc0,2026-06-25T20:02:17Z
https://www.energiemines.gov.tn/fileadmin/docs-u1/Conjoncture_%C3%A9nerg%C3%A9tique_mars_2023-version_Fr__06-2023_.pdf,unchanged,sha256 match 6bfc4feba9670548,2026-06-25T20:02:19Z
https://www.energiemines.gov.tn/fileadmin/docs-u1/Conjoncture_%C3%A9nerg%C3%A9tique_mars_2024.pdf,unchanged,sha256 match 2bbcc21da16e0acb,2026-06-25T20:02:21Z
https://www.energiemines.gov.tn/fileadmin/docs-u1/Conjoncture_%C3%A9nerg%C3%A9tique_mars_2025.pdf,unchanged,sha256 match 0b6631d72d90765d,2026-06-25T20:02:23Z
https://www.energiemines.gov.tn/fileadmin/docs-u1/Conjoncture_%C3%A9nerg%C3%A9tique_novembre_2020_Fr.pdf,unchanged,sha256 match e464548c584f54cf,2026-06-25T20:02:26Z
https://www.energiemines.gov.tn/fileadmin/docs-u1/Conjoncture_%C3%A9nerg%C3%A9tique_novembre_2020_resum%C3%A9_AR.pdf,unchanged,sha256 match 60167cc2e942473a,2026-06-25T20:02:27Z
https://www.energiemines.gov.tn/fileadmin/docs-u1/Conjoncture_%C3%A9nerg%C3%A9tique_novembre_2021.pdf,unchanged,sha256 match 58b8b185927053d7,2026-06-25T20:02:28Z
https://www.energiemines.gov.tn/fileadmin/docs-u1/Conjoncture_%C3%A9nerg%C3%A9tique_novembre_2021_R%C3%A9sum%C3%A9_Ar.pdf,unchanged,sha256 match fb3144b711e21370,2026-06-25T20:02:30Z
https://www.energiemines.gov.tn/fileadmin/docs-u1/Conjoncture_%C3%A9nerg%C3%A9tique_novembre_2022-Ar-_Resum%C3%A9.pdf,unchanged,sha256 match 6db06e508596f3ae,2026-06-25T20:02:32Z
https://www.energiemines.gov.tn/fileadmin/docs-u1/Conjoncture_%C3%A9nerg%C3%A9tique_novembre_2022-version_Fr.pdf,unchanged,sha256 match 470b509ad9a1889f,2026-06-25T20:02:33Z
https://www.energiemines.gov.tn/fileadmin/docs-u1/Conjoncture_%C3%A9nerg%C3%A9tique_novembre_2023.pdf,unchanged,sha256 match f045c3f6447b15ff,2026-06-25T20:02:35Z
https://www.energiemines.gov.tn/fileadmin/docs-u1/Conjoncture_%C3%A9nerg%C3%A9tique_octobre_2020-_resum%C3%A9_AR.pdf,unchanged,sha256 match 65398ed97cfafc4d,2026-06-25T20:02:37Z
https://www.energiemines.gov.tn/fileadmin/docs-u1/Conjoncture_%C3%A9nerg%C3%A9tique_octobre_2020_FR.pdf,unchanged,sha256 match baa25149d1db19f2,2026-06-25T20:02:38Z
https://www.energiemines.gov.tn/fileadmin/docs-u1/Conjoncture_%C3%A9nerg%C3%A9tique_octobre_2021-_F.pdf,unchanged,sha256 match d66125f9232ffafb,2026-06-25T20:02:41Z
https://www.energiemines.gov.tn/fileadmin/docs-u1/Conjoncture_%C3%A9nerg%C3%A9tique_octobre_2022-Ar-_Resum%C3%A9.pdf,unchanged,sha256 match b74a450775e67dc7,2026-06-25T20:02:43Z
https://www.energiemines.gov.tn/fileadmin/docs-u1/Conjoncture_%C3%A9nerg%C3%A9tique_octobre_2022-version_Fr.pdf,unchanged,sha256 match f09f331fe630857a,2026-06-25T20:02:44Z
https://www.energiemines.gov.tn/fileadmin/docs-u1/Conjoncture_%C3%A9nerg%C3%A9tique_septembre_2020___Resum%C3%A9_Ar_.pdf,unchanged,sha256 match bb4f95c1a49f252d,2026-06-25T20:02:46Z
https://www.energiemines.gov.tn/fileadmin/docs-u1/Conjoncture_%C3%A9nerg%C3%A9tique_septembre_2020__fr_.pdf,unchanged,sha256 match 27b298fc7d62afbe,2026-06-25T20:02:47Z
https://www.energiemines.gov.tn/fileadmin/docs-u1/Conjoncture_%C3%A9nerg%C3%A9tique_septembre_2021-_Fr.pdf,unchanged,sha256 match 24162b559938d0a8,2026-06-25T20:02:49Z
https://www.energiemines.gov.tn/fileadmin/docs-u1/Conjoncture_%C3%A9nerg%C3%A9tique_septembre_2021_Resum%C3%A9_Ar.pdf,unchanged,sha256 match 85e232fa3793d92f,2026-06-25T20:02:50Z
https://www.energiemines.gov.tn/fileadmin/docs-u1/Conjoncture_%C3%A9nerg%C3%A9tique_septembre_2022-Ar-_Resum%C3%A9.pdf,unchanged,sha256 match b16b16d5c2c88939,2026-06-25T20:02:52Z
https://www.energiemines.gov.tn/fileadmin/docs-u1/Conjoncture_%C3%A9nerg%C3%A9tique_septembre_2022-version_Fr.pdf,unchanged,sha256 match 7dca368e653193d4,2026-06-25T20:02:54Z
https://www.energiemines.gov.tn/fileadmin/docs-u1/Conjoncture_%C3%A9nerg%C3%A9tique_septembre_2023.pdf,unchanged,sha256 match a3902a2bf2fa7ad5,2026-06-25T20:02:56Z
https://www.energiemines.gov.tn/fileadmin/docs-u1/Conjoncture_%C3%A9nerg%C3%A9tque_octobre_2021-_Ar-_r%C3%A9sum%C3%A9.pdf,unchanged,sha256 match b363a6528b7c19d0,2026-06-25T20:02:58Z
https://www.energiemines.gov.tn/fileadmin/docs-u1/Depot_Etude_Ener_Renouv_fr.pdf,unchanged,sha256 match 4229da5f88f520d8,2026-06-25T20:02:59Z
https://www.energiemines.gov.tn/fileadmin/docs-u1/Etude-Metbassta/1-Environmental-Social-Impact-Assessment-PV-Plant_fr_.pdf,unchanged,sha256 match 245f6213ea6654ea,2026-06-25T20:03:01Z
https://www.energiemines.gov.tn/fileadmin/docs-u1/Etude-Metbassta/2-Environmental-Social-Impact-Assessment-OHTL_fr_.pdf,unchanged,sha256 match dd81065ff47eea70,2026-06-25T20:03:06Z
https://www.energiemines.gov.tn/fileadmin/docs-u1/Etude-Metbassta/3-Stakeholder-Engagement-Plan_fr_.pdf,unchanged,sha256 match cd84caf432546a42,2026-06-25T20:03:09Z
https://www.energiemines.gov.tn/fileadmin/docs-u1/Etude-Metbassta/4-Resettlement-Action-Plan-PV-Plant_fr_.pdf,unchanged,sha256 match 9b874039fcca5cd3,2026-06-25T20:03:11Z
https://www.energiemines.gov.tn/fileadmin/docs-u1/Etude-Metbassta/5-Resettlement-Action-Plan-OHTL_fr_.pdf,unchanged,sha256 match 7877243cfe0af0e5,2026-06-25T20:03:13Z
https://www.energiemines.gov.tn/fileadmin/docs-u1/Etude-Metbassta/6-Grievance-Mechanism_ar_.pdf,unchanged,sha256 match cd84f554c516dd44,2026-06-25T20:03:15Z
https://www.energiemines.gov.tn/fileadmin/docs-u1/Etude-Metbassta/7-Grievance-Mechanism_fr_.pdf,unchanged,sha256 match 77a8221151206541,2026-06-25T20:03:17Z
https://www.energiemines.gov.tn/fileadmin/docs-u1/Etude-Metbassta/8-TUN-E_S-ESMS-Manual.pdf,unchanged,sha256 match 68b577d6db9c6c71,2026-06-25T20:03:18Z
https://www.energiemines.gov.tn/fileadmin/docs-u1/Evolution_du_Bilan_Energ%C3%A9tique_-_2010-2019__06-2023_.pdf,unchanged,sha256 match 182867ff56c8b0ca,2026-06-25T20:03:20Z
https://www.energiemines.gov.tn/fileadmin/docs-u1/Guide_Detaill%C3%A9_Energie_Renouvelable_Tunisie.pdf,unchanged,sha256 match 3e0f7d7b237a77bb,2026-06-25T20:03:21Z
https://www.energiemines.gov.tn/fileadmin/docs-u1/Guide_Summary_Renewable_Energy_Tunisia.pdf,unchanged,sha256 match 910358ea2469a82d,2026-06-25T20:03:24Z
https://www.energiemines.gov.tn/fileadmin/docs-u1/Guide_d_Acc%C3%A8s_au_Foncier_Projets_ER_en_Tunisie_.pdf,unchanged,sha256 match 3b43c900114a8eab,2026-06-25T20:03:25Z
https://www.energiemines.gov.tn/fileadmin/docs-u1/Guide_resume_ENR_tunisie.pdf,unchanged,sha256 match 1b7fc08f326541db,2026-06-25T20:03:27Z
https://www.energiemines.gov.tn/fileadmin/docs-u1/Note_Methodologique_sur_le_bilan_%C3%A9nerg%C3%A9tque.pdf,unchanged,sha256 match 4e9a3f0219504a72,2026-06-25T20:03:29Z
https://www.energiemines.gov.tn/fileadmin/docs-u1/Rapport_Bilan_Energ%C3%A9tique_2020___V_10-2023_.pdf,unchanged,sha256 match 3ca1943d49b24dc0,2026-06-25T20:03:30Z
https://www.energiemines.gov.tn/fileadmin/docs-u1/Rapport_Bilan_Energ%C3%A9tique_2021___V_10-2023_.pdf,unchanged,sha256 match 9a1e01bb27e14fed,2026-06-25T20:03:32Z
https://www.energiemines.gov.tn/fileadmin/docs-u1/Rapport_Bilan_Energ%C3%A9tique_2022.pdf,unchanged,sha256 match 3d74aa960be28ff1,2026-06-25T20:03:34Z
https://www.energiemines.gov.tn/fileadmin/docs-u1/Rapport_Bilan_Energ%C3%A9tique_2023.pdf,unchanged,sha256 match 863af8e97d2dc0e2,2026-06-25T20:03:36Z
https://www.energiemines.gov.tn/fileadmin/docs-u1/Rapport_Bilan_Energ%C3%A9tique_2024.pdf,unchanged,sha256 match 9c31b0d77ca8b4b9,2026-06-25T20:03:38Z
https://www.energiemines.gov.tn/fileadmin/docs-u1/_%D9%88%D8%B6%D8%B9_%D9%82%D8%B7%D8%A7%D8%B9_%D8%A7%D9%84%D8%B7%D8%A7%D9%82%D8%A9_%D8%A7%D9%84%D9%89_%D9%85%D9%88%D9%81%D9%89_%D8%AF%D9%8A%D8%B3%D9%85%D8%A8%D8%B1_2022___%D9%86%D8%B3%D8%AE%D8%A9_%D9%85%D8%AD%D9%8A%D9%86%D8%A9.pdf,unchanged,sha256 match cdc8ab5b8f89e14a,2026-06-25T20:03:40Z
https://www.energiemines.gov.tn/fileadmin/docs-u1/chiffres_cl%C3%A9s_%C3%A9nergie_2019__fr_.pdf,unchanged,sha256 match ba5c1f42f989b4b1,2026-06-25T20:03:42Z
https://www.energiemines.gov.tn/fileadmin/docs-u1/chiffres_cles_energie_2018._Fr.pdf,unchanged,sha256 match 2c82134306a105c6,2026-06-25T20:03:44Z
https://www.energiemines.gov.tn/fileadmin/docs-u1/synth%C3%A8se_strat%C3%A9gie_2035.pdf,unchanged,sha256 match 950fa4212ce523e1,2026-06-25T20:03:46Z
https://www.energiemines.gov.tn/fileadmin/user_upload/%D8%A7%D9%84%D9%82%D9%88%D8%A7%D8%A6%D9%85_%D8%A7%D9%84%D9%85%D8%A7%D9%84%D9%8A%D8%A9_%D9%84%D9%88%D8%AF%D8%A7%D8%AF%D9%8A%D8%A9_%D9%88%D8%B2%D8%A7%D8%B1%D8%A9_%D8%A7%D9%84%D8%B7%D8%A7%D9%82%D8%A9_%D9%88_%D8%A7%D9%84%D9%85%D9%86%D8%A7%D8%AC%D9%85_%D9%88_%D8%A7%D9%84%D8%A5%D9%86%D8%AA%D9%82%D8%A7%D9%84_%D8%A7%D9%84%D8%B7%D8%A7%D9%82%D9%8A_%D9%84%D8%B3%D9%86%D8%A9_2023_0A.pdf,skipped-out-of-scope,ministry mutual-association financial statement,2026-06-25T20:03:47Z
https://www.energiemines.gov.tn/fileadmin/user_upload/Bulletin_avril_2020_covid-19.pdf,unchanged,sha256 match 7f5626f807bfb26c,2026-06-25T20:03:47Z
https://www.energiemines.gov.tn/fileadmin/user_upload/Bulletin_mars_2020_covid-19-energie.pdf,unchanged,sha256 match 9882b05da0c4e0b9,2026-06-25T20:03:49Z
https://www.energiemines.gov.tn/fileadmin/user_upload/Guide_resume_ENR_tunisie_mai2019-min.pdf,unchanged,sha256 match 1b7fc08f326541db,2026-06-25T20:03:50Z
https://www.energiemines.gov.tn/fileadmin/user_upload/conjoncture-energetique-fevrier-20.pdf,unchanged,sha256 match b281d71a7e284d4c,2026-06-25T20:03:52Z
https://www.energiemines.gov.tn/fileadmin/user_upload/energies_renouvelables/PST_2015.pdf,unchanged,sha256 match 44115ab37f14d5b0,2026-06-25T20:03:53Z
https://www.energiemines.gov.tn/fileadmin/user_upload/publications/conjoncture-energetique_octobre_2017.pdf,unchanged,sha256 match 34e707cccbc266ca,2026-06-25T20:03:55Z
https://www.energiemines.gov.tn/fileadmin/user_upload/publications/conjoncture_energetique_decembre_2017.pdf,unchanged,sha256 match 6cd18fa98b485827,2026-06-25T20:03:57Z
https://www.energiemines.gov.tn/fileadmin/user_upload/publications/conjoncture_energetique_novembre_2017.pdf,unchanged,sha256 match e24dbfaa09cc7648,2026-06-25T20:03:59Z
https://www.energiemines.gov.tn/fileadmin/user_upload/publications/conjoncture_energetique_septembre_2017.pdf,unchanged,sha256 match 84fe14b49cd6c3d7,2026-06-25T20:04:01Z
https://www.energiemines.gov.tn/fileadmin/user_upload/publications/plan_action_solaire.pdf,unchanged,sha256 match 56f3e4c54aeeb0ad,2026-06-25T20:04:03Z
https://www.energiemines.gov.tn/fileadmin/user_upload/publications/revue_energie_95_fr.pdf,unchanged,sha256 match c78986a4044ed146,2026-06-25T20:04:05Z
